Date/Time,politics,AdviceAnimals,DotA2,nba,WTF,relationships,BlackPeopleTwitter,RocketLeague,gamephysics,gonewild,memes,astrophotography,bloodborne,ShitRedditSays,RandomActsOfBlowJob,AskScienceFiction,arduino,pathofexile,swtor,boobbounce,Ubuntu,NSFW_Snapchat,EverythingScience,KotakuInAction,arrow,StarWarsBattlefront,badhistory,snowboarding,HomeImprovement,lifeofnorman,economy,SWARJE,illusionporn,torrents,runescape,musictheory,funhaus,camwhores,privacy,Eve,BeAmazed,TheGirlSurvivalGuide,amiugly,waterporn,swoleacceptance,Offensive_Wallpapers,Cynicalbrit,audiophile,TheoryOfReddit,Jazz,Aquariums
2016-03-04 19:40,13009,9528,6942,5434,7380,5392,5660,1501,87,1896,29,28,352,230,218,306,69,4027,311,49,37,155,85,1026,456,410,121,75,159,14,24,18,8,52,784,59,263,11,69,790,64,116,131,6,68,12,157,105,20,81,153
2016-03-04 19:57,12684,10807,6860,5256,7587,5402,5892,1559,92,2017,36,23,316,225,179,360,89,4593,301,42,33,142,66,1016,454,403,139,78,176,16,38,17,6,53,818,61,291,15,62,797,78,98,138,6,74,7,170,108,26,79,154
2016-03-04 20:14,12231,11288,6612,5285,6983,5516,6098,1564,82,1939,36,21,335,240,212,303,70,3866,264,56,38,127,79,1021,424,389,180,62,152,15,20,17,9,47,820,46,301,22,57,790,55,84,120,10,65,4,160,122,18,78,169
2016-03-04 20:31,11055,10491,6276,5284,6179,5378,6312,1540,90,1968,32,22,354,221,219,327,73,1904,298,53,39,121,64,997,442,397,199,78,157,12,29,23,7,48,826,47,364,25,70,766,63,95,123,17,65,13,180,128,19,73,194
2016-03-04 20:48,11072,9473,6141,5241,6512,5359,6803,1444,94,1979,34,31,306,232,171,320,81,1657,274,70,31,116,67,1027,447,410,172,72,175,11,20,18,13,54,805,49,396,22,61,722,76,73,163,5,68,12,141,115,16,72,172
2016-03-04 21:05,0,8915,6160,5387,6292,5483,8035,1430,76,1999,31,36,312,215,173,337,79,1708,311,68,34,108,67,1042,432,407,171,67,160,22,29,24,6,57,872,62,414,23,70,753,61,94,132,11,57,11,127,119,19,74,148
2016-03-04 21:21,10862,8953,6138,5355,6360,5326,7235,1343,84,1924,34,24,317,235,217,289,71,1742,270,43,41,106,67,1035,396,395,170,68,179,22,30,9,7,59,823,61,419,22,55,714,60,82,139,9,59,11,154,136,16,73,144
2016-03-04 21:38,10524,10644,6114,5403,6358,5294,7397,1294,97,1969,33,23,338,247,207,321,87,1736,252,57,32,104,58,1108,430,389,176,66,168,25,26,21,3,66,803,54,337,26,65,755,73,78,154,11,60,11,157,163,11,62,150
2016-03-04 21:55,10226,10671,6067,5416,6465,5247,7252,1312,86,2045,28,21,365,240,238,288,85,1859,279,57,36,106,60,1120,440,377,161,71,155,36,23,13,2,66,871,49,351,26,67,737,77,82,167,9,70,13,169,123,12,75,149
2016-03-04 22:12,9646,9780,5833,5290,6699,5156,6521,1291,98,2129,25,23,321,220,187,327,68,1826,305,46,21,91,56,1078,407,353,194,53,152,28,27,15,9,65,807,44,322,25,56,730,78,74,141,7,54,4,170,111,15,79,142
2016-03-04 22:29,9549,9362,5939,5281,7109,4915,6560,1289,80,2070,32,21,333,204,216,320,68,1919,279,55,33,104,64,1090,398,358,180,60,151,19,28,23,8,53,850,46,337,29,71,707,79,83,129,14,58,7,165,126,8,73,142
2016-03-04 22:46,9594,10070,6025,5350,7278,5008,6260,1286,80,2266,27,29,338,229,211,301,70,2095,282,64,38,112,50,1084,390,351,213,57,148,30,25,18,8,59,825,54,381,25,57,725,83,74,153,6,67,10,149,104,16,67,138
2016-03-04 23:03,9598,10667,5995,5261,7871,4762,5961,1328,85,2135,27,28,326,228,212,316,72,1973,283,56,38,106,62,1104,372,352,170,55,122,27,24,22,5,69,806,39,351,41,53,740,67,64,143,12,60,12,136,109,9,70,114
2016-03-04 23:19,9681,11408,6046,5342,7710,4867,5735,1134,98,2192,29,26,373,196,228,266,69,2002,240,59,41,104,56,1035,395,337,172,71,100,25,23,19,9,51,797,56,338,24,45,758,68,62,128,12,64,8,133,96,8,56,119
2016-03-04 23:36,9632,14810,5701,5177,7481,4855,5876,1111,82,2172,20,24,328,185,200,245,68,1941,257,55,34,101,72,1089,364,320,144,78,132,25,25,17,4,79,791,59,352,31,66,702,94,66,136,7,50,7,150,105,17,69,136
2016-03-04 23:53,10088,18395,6377,5232,7462,4816,5589,1163,89,2162,21,23,312,191,216,322,57,10552,265,49,36,88,63,1144,382,286,172,62,124,23,22,23,6,60,807,45,368,28,60,790,61,66,130,5,67,5,115,100,13,61,122
2016-03-05 00:10,11354,16965,5832,5081,7162,4895,5368,1080,80,2094,38,30,327,185,220,276,66,3667,245,46,45,93,65,1076,365,275,146,65,127,32,19,19,7,62,785,49,355,31,65,753,74,72,150,8,56,14,138,106,9,62,114
2016-03-05 00:27,11569,15974,6004,4905,7218,4713,5488,1111,92,2003,34,23,318,191,208,285,57,2160,237,43,40,95,52,1075,365,305,163,66,120,22,18,24,8,75,726,52,331,30,57,718,79,81,131,9,60,10,138,120,9,55,112
2016-03-05 00:44,11252,15245,5708,5009,7303,4540,5453,1014,100,1960,38,26,309,190,211,278,58,1990,225,46,28,102,63,1057,334,265,155,52,155,15,29,15,6,68,671,43,356,35,39,651,87,61,106,10,50,3,125,120,14,50,118
2016-03-05 01:01,11023,15089,5813,5126,7639,4323,5456,957,99,1893,34,17,294,168,216,296,63,1943,231,63,35,105,58,1029,328,260,129,52,137,17,26,17,7,60,763,53,322,24,50,703,78,79,113,11,48,4,107,121,14,68,106
2016-03-05 01:17,10524,13758,5684,5195,7457,4056,5487,954,108,1940,23,15,323,172,168,289,49,1985,230,44,25,85,49,1011,356,279,138,73,105,22,27,9,7,57,700,34,338,17,49,726,74,80,112,9,44,6,97,93,11,67,121
2016-03-05 01:34,10400,13040,6140,5435,7617,4072,5599,968,86,1901,35,16,289,183,176,263,46,8569,250,53,39,85,41,928,340,274,141,56,122,24,20,11,5,64,712,43,355,28,73,724,86,56,101,8,45,8,116,99,15,39,126
2016-03-05 01:51,9967,12269,5948,5363,7729,4088,5685,922,87,1851,20,23,288,169,182,282,57,5630,199,47,33,83,46,975,321,270,128,63,116,24,23,7,5,60,683,46,324,32,49,620,77,77,101,8,46,6,108,92,19,40,106
2016-03-05 02:08,9899,11755,5982,5188,7793,4001,5877,876,79,1812,25,25,291,178,193,275,40,3177,217,47,26,82,45,951,339,274,112,52,121,30,27,16,7,53,618,43,275,28,45,582,68,62,82,5,50,8,94,79,12,52,99
2016-03-05 02:25,9350,10713,6118,5349,8262,4072,5857,867,86,1839,21,23,301,178,178,299,41,2003,198,57,40,88,47,908,353,247,122,65,129,26,34,7,8,66,594,33,276,23,47,565,74,62,95,8,35,7,94,88,17,60,120
2016-03-05 02:42,9106,10400,5647,5442,9334,4002,5899,886,79,1803,19,33,319,175,175,305,52,1829,201,46,28,84,35,904,351,238,120,67,150,28,26,9,10,47,628,29,264,27,49,598,68,72,105,8,42,8,114,80,14,42,131
2016-03-05 02:59,9024,9457,4525,6008,10101,3999,5902,822,68,1774,21,30,281,170,160,261,36,4237,206,44,31,68,34,848,282,268,117,68,149,29,29,11,4,67,610,27,250,29,41,566,71,78,103,14,36,3,89,82,9,62,139
2016-03-05 03:15,9005,9276,4196,6204,10802,3987,6066,758,87,1838,18,19,307,161,195,261,52,6288,184,47,33,76,36,970,324,251,110,63,135,24,23,3,1,72,587,43,260,29,36,548,68,75,101,9,36,5,98,97,13,52,101
2016-03-05 03:32,8552,9202,6018,7261,11236,4031,6125,725,68,1905,26,29,311,162,147,263,47,2024,186,49,31,87,44,915,315,244,122,82,158,22,41,7,8,68,605,33,230,32,51,533,76,70,122,8,37,7,91,90,13,49,117
2016-03-05 03:49,8433,8660,4704,6692,11071,3973,5968,790,86,1938,29,27,303,175,193,281,44,1751,179,42,29,88,47,876,280,235,97,88,127,34,27,9,10,44,569,33,279,34,50,464,70,88,98,7,38,11,97,83,10,54,115
2016-03-05 04:06,8220,8163,3965,6137,12335,3781,6465,679,76,1879,28,22,264,146,194,300,42,1597,188,56,26,75,47,857,293,206,97,53,147,23,25,9,6,53,579,32,225,36,40,499,60,72,101,6,41,6,88,82,19,57,89
2016-03-05 04:23,8187,8064,8054,5850,13895,3682,6357,705,69,1943,35,19,251,136,198,307,46,1615,174,54,35,81,43,845,321,190,91,84,117,25,19,9,7,66,563,36,226,45,41,506,54,64,116,7,44,10,91,98,16,38,115
2016-03-05 04:40,7973,7662,6687,5846,17922,3725,6121,665,91,2042,36,25,301,146,167,319,56,1594,159,60,22,86,41,868,261,221,95,74,114,29,23,5,9,73,562,39,205,33,39,496,73,78,119,17,45,13,87,81,12,46,118
2016-03-05 04:57,7748,7463,5384,5806,17565,3577,6098,664,81,2045,28,17,285,152,219,298,41,1539,145,55,28,94,30,867,294,209,88,55,121,19,28,7,4,57,586,30,219,38,31,461,63,80,100,12,33,15,74,95,10,52,102
2016-03-05 05:13,7242,7142,4636,5444,19015,3453,5867,708,77,1919,27,17,252,141,205,297,46,1503,152,53,26,101,32,771,281,192,77,48,93,30,37,12,9,76,555,28,194,25,31,587,56,59,119,13,44,10,82,91,18,45,110
2016-03-05 05:30,7280,7112,5608,5324,17794,3303,5796,668,94,2021,27,22,224,140,185,317,44,1454,129,50,29,101,26,766,241,184,86,55,117,26,22,10,12,59,541,35,207,37,36,516,55,78,99,8,34,8,63,59,17,55,102
2016-03-05 05:47,6942,6757,6056,5334,16414,3167,5701,667,67,2033,26,21,253,147,187,293,39,1489,150,55,29,111,37,768,297,178,89,54,83,26,22,8,14,61,540,36,199,35,49,472,70,77,90,7,51,10,68,90,15,52,94
2016-03-05 06:04,6692,6530,4575,5251,14981,2932,5442,675,79,2053,18,17,248,130,188,275,31,1438,136,54,26,88,25,717,250,168,83,57,80,32,15,6,8,42,520,33,176,27,43,468,48,82,105,11,26,11,83,73,8,34,85
2016-03-05 06:21,6576,6472,5107,4989,14190,2749,5274,583,71,2000,24,13,223,110,174,245,38,1478,135,68,28,100,35,760,237,159,76,44,66,21,22,7,8,52,524,33,175,50,35,436,57,76,85,10,29,9,76,67,10,45,80
2016-03-05 06:38,6120,6465,5197,4778,13204,2678,5100,610,65,1932,24,21,221,116,170,247,37,1530,120,65,32,84,28,665,249,164,81,39,74,18,18,7,10,58,532,36,188,30,43,441,41,80,84,12,39,11,92,54,15,41,80
2016-03-05 06:55,5890,6198,7222,4591,12467,2470,4995,593,65,1936,28,23,210,122,171,227,43,1530,133,60,30,97,33,731,227,138,70,33,58,14,16,5,12,43,567,25,163,29,27,416,47,75,88,4,40,10,79,68,13,31,87
2016-03-05 07:11,5560,6082,6233,4336,11839,2451,4476,580,57,1860,16,16,209,130,165,239,43,1496,126,57,27,101,27,694,211,156,94,38,59,29,27,5,12,43,554,36,150,23,43,458,37,67,83,7,23,3,87,55,9,38,91
2016-03-05 07:28,5319,5955,6147,4063,11238,2308,3891,587,70,1857,23,21,208,139,147,224,42,1569,119,59,18,103,26,676,223,144,58,39,53,20,21,7,10,44,521,36,166,26,36,437,34,76,63,9,45,9,74,56,7,32,90
2016-03-05 07:45,5357,6373,5867,3882,10831,2168,3852,563,66,1756,20,16,200,108,156,226,38,1545,104,44,34,88,22,659,209,141,72,31,48,18,17,9,13,52,522,25,170,26,30,418,45,66,62,7,36,7,63,55,10,35,70
2016-03-05 08:02,5218,6360,4833,3586,9780,2225,3578,616,76,1668,17,20,211,109,131,180,32,1519,110,52,29,97,25,681,188,156,74,45,37,17,23,19,10,41,495,22,153,25,31,395,42,65,69,6,30,5,70,49,8,29,75
2016-03-05 08:19,4806,5810,4117,3300,9583,2089,3397,540,66,1691,18,18,217,141,141,223,46,1528,106,47,23,96,17,627,166,128,77,33,34,9,18,7,10,29,479,24,124,27,26,404,37,51,71,7,27,8,60,55,8,28,53
2016-03-05 08:36,4511,5718,4362,3092,8633,2106,3071,595,62,1548,21,14,182,106,134,184,36,1471,118,39,29,96,22,649,180,117,71,23,34,17,17,12,15,35,496,25,144,24,31,370,38,61,71,12,17,6,61,72,9,36,53
2016-03-05 08:52,4254,5509,6850,2823,8318,1994,2928,553,48,1643,17,25,167,110,126,179,46,1460,105,40,26,88,22,669,184,129,82,23,31,14,15,14,9,44,478,22,160,23,32,397,30,42,79,7,33,9,56,45,8,30,52
2016-03-05 09:09,3999,5166,5430,2665,8107,1987,2835,532,66,1557,12,18,160,91,116,162,32,1452,106,43,24,87,24,678,182,112,70,34,29,19,12,15,10,44,411,19,136,23,39,387,24,57,63,4,32,1,68,56,8,21,54
2016-03-05 09:26,3651,4592,4002,2384,7643,1889,2617,530,46,1423,13,15,161,108,125,179,39,1384,101,32,32,90,28,597,149,138,66,33,23,11,14,10,12,48,450,26,145,29,21,381,35,39,66,7,26,9,64,39,10,31,46
2016-03-05 09:44,3443,4365,4180,2249,7349,1798,2439,542,68,1394,19,12,152,104,108,161,46,1327,117,36,33,70,21,619,157,105,71,26,25,15,11,12,12,31,449,25,123,19,27,396,24,49,64,9,27,10,80,48,12,28,49
2016-03-05 10:01,3349,4346,8865,2134,7228,1805,2456,532,52,1391,19,16,170,103,93,148,43,1347,123,32,28,75,21,619,128,114,54,21,20,16,14,12,11,27,472,23,129,17,24,402,24,42,59,10,18,9,74,43,4,24,36
2016-03-05 10:18,3317,4218,9199,1977,6778,1779,2307,521,51,1242,16,11,144,100,93,158,37,1279,116,30,28,63,26,601,158,130,66,19,29,12,7,10,16,39,432,27,125,16,23,398,24,40,60,6,25,4,81,33,13,30,38
2016-03-05 10:34,3092,4312,7322,1851,6627,1710,2204,525,46,1265,13,20,148,110,78,156,40,1315,103,35,31,64,24,658,160,101,70,26,28,8,9,14,12,40,407,16,124,15,31,410,34,38,61,4,22,7,79,31,7,24,47
2016-03-05 10:51,2914,4517,5843,1720,6557,1729,2222,505,52,1167,11,28,163,102,77,126,26,1297,119,30,17,68,25,594,152,118,67,25,20,17,8,13,6,43,467,20,127,18,23,394,18,30,75,2,23,0,64,31,11,22,35
2016-03-05 11:08,2863,4471,4640,1627,6327,1683,2092,489,45,1125,11,20,145,105,73,146,42,1290,110,18,34,60,21,635,143,99,58,23,35,20,9,13,7,34,471,18,121,15,21,447,20,31,68,7,31,5,58,40,6,23,34
2016-03-05 11:25,2985,4496,6092,1738,6600,1710,2024,495,54,1227,16,15,131,88,87,157,33,1255,117,22,32,77,18,629,132,127,56,17,25,17,5,14,17,36,443,14,106,13,22,428,23,29,73,5,24,6,68,41,11,35,38
2016-03-05 11:42,3103,4479,6823,1688,6665,1760,2097,526,47,1240,10,22,159,87,89,167,47,1328,110,27,24,63,19,633,152,119,64,23,35,10,8,14,13,38,486,20,112,20,22,383,22,33,81,7,20,2,82,38,19,26,45
2016-03-05 11:59,3097,4397,4990,1569,6494,1751,2118,498,51,1260,16,13,145,100,82,139,42,1264,109,24,31,57,21,685,130,111,58,28,37,5,10,17,12,34,486,23,115,26,26,405,31,40,69,8,26,5,81,33,19,28,37
2016-03-05 12:15,3345,4827,4828,1583,6913,1842,2271,548,53,1264,10,15,154,104,75,160,53,1306,116,23,19,74,15,679,145,118,63,24,36,19,7,16,17,42,478,18,130,22,22,416,33,0,0,2,35,3,99,48,22,28,47
2016-03-05 12:32,3649,5084,7177,1766,7264,2022,2379,543,56,1462,20,10,176,115,82,159,36,1363,114,43,25,74,24,721,154,130,67,22,52,13,9,19,13,42,506,19,136,17,33,410,28,38,75,7,26,7,87,53,18,22,52
2016-03-05 12:49,3899,5406,7748,1909,7705,2207,2530,534,49,1526,12,11,162,117,89,155,46,1358,132,41,25,66,12,775,160,153,77,30,55,13,12,23,10,54,542,24,135,19,38,443,26,33,75,7,25,5,73,52,35,16,44
2016-03-05 13:06,4254,5458,6737,1861,7869,2255,2676,538,74,1676,17,11,159,130,91,187,45,1274,127,37,27,71,12,792,147,125,73,21,58,20,7,26,12,49,518,34,141,30,36,471,36,37,60,4,26,4,78,57,28,19,42
2016-03-05 13:23,4678,5554,6377,2051,7476,2416,2674,576,49,1797,22,17,187,140,87,189,40,1358,128,45,34,85,22,810,146,143,80,32,61,13,15,25,16,40,525,24,136,23,37,466,31,49,74,10,32,8,72,68,34,36,52
2016-03-05 13:40,5137,5829,6335,2238,7474,2541,2862,615,69,1780,18,13,175,134,125,220,36,1401,139,41,47,65,30,824,190,150,85,34,69,15,10,24,13,37,560,28,144,24,33,488,37,58,66,9,35,5,76,57,34,26,54
2016-03-05 13:57,5688,6011,6401,2444,7825,2687,3071,659,64,1940,24,18,215,156,113,222,56,1426,134,44,33,100,25,912,178,160,81,38,74,23,18,22,20,44,571,31,164,17,29,467,31,60,72,5,43,5,110,65,31,38,57
2016-03-05 14:13,5696,6315,6401,2524,7593,2866,2967,737,56,2034,23,19,225,148,117,236,49,1455,145,45,34,98,31,930,217,175,82,36,76,20,8,24,13,49,614,41,203,17,42,544,32,48,73,6,43,7,97,51,37,30,62
2016-03-05 14:30,6330,6523,6416,2802,7930,2958,3280,757,71,2106,29,20,247,187,143,232,52,1450,150,43,33,100,24,915,229,164,87,32,62,17,14,16,16,43,602,30,264,26,35,557,40,49,97,11,42,10,104,64,44,30,74
2016-03-05 14:47,6977,6546,6803,3012,7986,3083,3393,826,69,2307,21,14,243,167,142,235,52,1488,155,45,28,97,33,1010,200,173,85,49,74,18,21,15,15,39,615,31,293,34,35,526,50,57,91,12,41,4,132,68,60,36,81
2016-03-05 15:04,7800,6496,7061,3177,8123,3117,3492,886,75,2328,23,23,233,165,151,227,41,1536,167,37,28,94,28,1010,205,206,87,38,76,16,13,11,19,58,634,27,273,23,39,619,69,57,89,6,39,11,97,85,39,36,83
2016-03-05 15:21,7832,6732,7083,3351,8074,3363,3796,829,90,2380,24,23,271,173,175,225,49,1627,174,50,31,95,34,1028,246,186,91,49,82,22,15,11,19,53,667,33,242,31,48,569,109,60,85,11,43,10,128,84,50,40,84
2016-03-05 15:38,8472,7258,7382,3500,7766,3401,4388,897,86,2284,22,11,300,179,153,231,51,1596,190,66,38,96,34,1068,238,208,85,57,75,15,22,17,22,42,698,31,271,23,54,584,160,79,100,13,51,15,108,90,43,35,89
2016-03-05 15:55,9857,7604,7549,3654,7888,3497,4475,941,100,2358,23,19,276,174,156,235,57,1563,166,56,42,126,33,1055,271,205,93,44,68,24,23,16,20,43,714,33,305,20,43,615,211,67,88,8,42,11,113,99,44,50,98
2016-03-05 16:11,11563,7267,7126,3716,7569,3551,4567,948,86,2295,23,20,266,198,177,233,50,1532,191,53,41,132,45,1064,280,199,82,34,91,21,18,10,18,52,702,31,281,22,41,636,218,91,85,8,35,9,111,76,55,44,83
2016-03-05 16:28,12465,6382,7060,3871,7687,3796,4736,930,117,2224,20,20,287,206,168,239,68,1667,177,70,32,129,31,1069,294,244,78,55,87,30,21,16,22,43,717,37,285,23,47,573,188,84,82,7,39,11,109,76,48,26,118
2016-03-05 16:45,12724,6508,7139,4149,8033,3929,4844,939,114,2254,29,25,315,193,168,234,65,1722,208,66,38,120,25,1007,313,255,102,48,88,73,19,11,19,48,781,39,281,25,56,656,148,88,102,13,33,14,159,111,47,22,113
2016-03-05 17:02,9932,6496,7117,4118,8085,3901,4722,1117,143,2206,23,36,327,198,190,232,76,1748,233,60,45,123,40,1012,300,236,104,53,103,71,16,13,17,44,765,37,287,23,63,640,122,90,109,5,36,18,125,98,67,36,115
2016-03-05 17:19,9473,6109,6861,4267,8370,3908,4543,1919,152,2208,22,25,302,232,165,264,64,1658,231,48,53,129,29,954,298,259,104,51,96,39,11,16,17,57,736,32,299,31,53,651,146,73,89,13,36,11,139,88,60,39,129
2016-03-05 17:36,9446,6213,6732,4406,8962,3959,4148,1149,152,2136,23,16,351,232,172,290,64,1724,240,55,40,108,37,993,282,253,101,57,114,20,15,13,23,63,741,34,310,33,53,670,129,75,87,12,40,17,128,79,52,41,110
2016-03-05 17:52,8831,6311,6484,4399,9304,3951,4213,1076,172,2059,32,16,339,207,175,294,73,1768,234,52,39,136,20,1007,294,241,111,65,108,30,16,13,20,54,764,28,280,31,68,663,113,78,93,10,34,8,112,81,50,32,127
2016-03-05 18:09,9216,6364,6734,4469,9106,3796,4374,1042,182,2026,22,26,373,240,187,295,64,1672,238,44,49,133,33,1037,275,234,105,55,124,25,19,14,25,50,750,38,292,26,64,641,101,82,92,8,42,14,94,101,58,24,131
2016-03-05 18:26,10790,6242,6422,4525,9227,3730,4200,1002,200,1983,27,27,353,230,175,300,69,1750,221,61,34,105,27,1019,306,263,118,56,112,29,18,13,16,57,799,35,298,26,62,651,98,92,87,7,33,13,121,113,50,34,124
2016-03-05 18:43,10906,6361,6639,4433,7961,3910,4210,1000,188,2013,35,33,355,219,173,334,73,1759,235,55,44,131,35,1009,289,250,130,63,106,23,29,12,22,57,724,43,291,26,71,697,101,75,92,7,41,16,110,100,68,33,119
2016-03-05 19:00,10982,6861,6692,4486,7487,3806,4084,1031,139,1882,37,26,330,201,159,275,72,1760,228,47,35,113,29,1010,283,263,121,67,118,20,16,14,19,63,815,24,296,25,51,681,93,90,88,7,44,16,111,96,60,32,112
2016-03-05 19:17,10480,6662,6466,4527,7454,3959,3959,976,136,2002,37,28,334,226,178,286,70,1812,249,49,32,147,19,996,243,275,110,86,103,26,19,9,22,58,742,39,294,26,64,722,90,87,102,9,44,14,116,99,56,18,114
2016-03-05 19:34,10408,6543,6416,4500,7791,3971,3979,1024,150,2058,33,34,360,199,180,295,66,1835,200,57,30,112,43,986,259,284,69,75,100,28,23,10,16,67,766,24,280,26,82,653,86,95,122,12,54,18,125,99,49,34,110
2016-03-05 19:50,10465,6594,6283,4446,8102,3997,3693,1007,139,1995,28,27,342,212,187,288,53,1790,220,42,42,114,33,1031,260,284,62,78,99,26,19,18,18,67,772,23,306,22,76,630,89,96,115,9,56,12,128,103,49,32,102
2016-03-05 20:07,9886,6335,5925,4422,8710,4044,3793,972,135,1955,20,20,370,208,186,278,58,1776,224,51,44,129,29,1071,295,289,72,70,106,20,13,23,13,68,762,32,265,21,65,684,94,73,109,8,50,10,120,101,64,37,100
2016-03-05 20:24,10151,6428,5883,4328,9290,3961,3762,1075,138,1929,23,30,340,184,200,317,69,1790,231,44,49,125,25,1025,239,266,81,79,115,27,18,10,23,70,806,36,320,13,77,709,67,83,110,11,60,21,133,84,47,23,119
2016-03-05 20:41,9956,6605,5817,4392,10976,3964,3767,1022,114,1788,22,25,357,202,179,291,83,1713,217,57,43,116,21,1120,291,288,59,79,130,27,24,13,19,66,805,27,340,27,63,651,63,75,102,10,54,15,113,90,55,36,114
2016-03-05 20:58,9980,6365,5779,4537,12254,4059,3766,1054,108,1942,24,34,355,164,152,290,86,1782,236,57,42,109,26,1198,284,302,64,78,97,22,22,12,14,74,793,31,307,19,77,625,63,82,91,8,70,11,106,81,56,29,116
2016-03-05 21:15,10074,6493,6079,4640,12339,4169,3964,1139,114,1945,21,18,341,225,185,289,92,1783,238,49,38,108,34,1237,303,309,64,90,110,10,18,12,12,66,728,31,318,18,63,687,68,84,103,9,69,13,111,99,63,26,133
2016-03-05 21:31,9670,6091,6117,4816,13106,3960,4228,1168,120,1895,25,29,384,197,164,340,76,1814,238,56,41,107,36,1363,296,281,58,68,116,14,24,19,19,73,793,43,336,26,69,708,55,93,95,9,61,10,117,76,50,29,137
2016-03-05 21:48,9498,5602,6004,4858,12180,4061,4460,1174,100,1920,28,21,365,185,208,299,83,1768,242,48,39,104,28,1352,292,285,72,71,124,11,24,16,14,71,796,36,339,23,54,684,48,80,118,9,63,11,112,83,46,37,119
2016-03-05 22:05,10013,5746,5876,4964,11816,3955,4716,1155,106,1951,22,23,386,194,199,301,79,1827,243,63,29,123,31,1500,291,302,64,84,119,13,24,14,14,70,757,31,307,24,58,699,64,78,111,4,56,11,100,90,51,30,125
2016-03-05 22:22,9864,5705,5985,5134,11082,3993,4745,1261,105,2007,29,29,378,188,211,348,67,1921,245,60,36,124,34,1479,281,291,51,73,115,9,23,16,22,56,762,37,310,19,58,717,57,112,106,10,57,11,100,80,45,27,117
2016-03-05 22:39,9722,5926,5910,5192,10552,3989,4613,1280,113,1984,27,21,396,225,180,347,70,1856,229,45,44,96,28,1774,298,307,63,80,125,10,30,20,21,59,779,40,308,12,69,736,36,103,111,11,72,13,109,90,47,30,116
2016-03-05 22:56,10363,5765,5796,5207,10179,4002,4642,1319,103,2025,24,24,400,228,177,338,79,1940,238,47,42,98,28,2087,316,282,62,84,131,30,18,16,17,76,777,31,343,23,58,700,50,78,118,10,64,14,112,86,45,33,117
2016-03-05 23:12,10412,5864,6008,5338,9768,4040,4476,1155,89,1949,24,29,369,208,171,321,80,1851,236,47,34,102,31,1969,329,255,69,94,132,33,16,15,12,61,785,36,322,28,58,676,48,70,119,12,55,11,109,74,41,33,123
2016-03-05 23:29,10444,6191,5994,5553,9526,3939,4315,1103,117,1849,30,27,346,198,160,299,82,1712,241,53,34,103,28,2342,318,284,57,99,137,32,27,17,20,71,783,40,348,24,60,688,61,76,115,8,56,15,101,89,35,33,133
2016-03-05 23:46,10703,6413,5776,5769,9542,3806,4380,1090,109,1928,21,25,335,207,199,333,85,1789,243,54,39,106,36,2561,300,294,50,85,129,41,25,9,18,62,754,45,422,15,59,704,48,64,113,15,65,23,95,73,42,32,123
2016-03-06 00:03,10648,6599,5816,5675,9150,3715,4484,1120,104,1929,27,25,351,218,199,315,93,1856,216,55,41,108,32,2826,321,294,55,75,108,34,22,16,16,64,748,39,430,18,63,691,45,62,113,9,56,21,101,94,42,28,118
2016-03-06 00:20,10862,6536,5893,6059,8775,3711,4448,1092,102,1910,25,25,350,182,178,276,92,1775,200,47,39,117,26,2723,302,284,52,78,119,46,24,14,18,64,766,40,365,12,51,640,38,74,131,10,43,20,103,67,32,22,125
2016-03-06 00:37,10945,6686,6046,6246,8445,3659,4571,1139,88,1813,30,33,354,203,195,253,88,1841,205,38,25,111,31,2887,311,265,57,78,142,37,28,9,13,66,745,26,345,23,46,717,60,91,113,12,58,13,105,73,48,28,119
2016-03-06 00:54,10912,6853,5929,6184,8376,3608,4372,1092,89,1801,24,35,331,175,201,280,91,1748,213,51,33,91,34,2479,296,281,50,75,123,45,30,11,16,71,707,34,360,15,49,674,51,77,109,5,52,23,99,79,46,32,110
2016-03-06 01:10,10451,6975,5896,6289,7830,3541,4257,1072,82,1790,22,30,339,187,178,280,83,1764,211,51,31,92,37,2428,308,257,63,81,144,42,23,13,20,59,741,38,348,17,41,665,38,76,102,7,57,6,101,58,34,26,120
2016-03-06 01:27,10680,7950,6220,6520,7497,3514,4063,1078,90,1859,25,29,345,172,159,278,87,1852,193,43,36,97,26,2234,329,268,53,94,144,43,16,6,14,73,743,38,332,20,45,641,43,73,121,7,49,17,94,77,31,33,117
2016-03-06 01:44,11320,8025,6277,6264,6972,3415,4002,1037,77,1810,23,22,310,178,170,252,87,1749,200,43,29,110,29,2038,326,244,38,67,159,43,15,8,21,62,722,35,295,21,43,620,44,62,119,9,53,13,87,68,48,31,119
2016-03-06 02:01,11905,7550,6515,6060,6882,3464,3730,1059,83,1734,19,27,300,152,177,247,81,1709,188,43,38,86,29,1893,308,246,53,85,128,35,15,12,22,77,726,32,307,19,34,599,37,74,113,5,44,15,77,90,49,25,102
2016-03-06 02:18,12538,7561,6226,6017,6686,3362,3658,942,58,1732,29,19,299,164,171,269,81,1652,202,38,26,84,31,1774,306,240,42,83,135,46,24,6,17,66,678,26,301,16,26,603,28,72,111,10,49,7,73,56,41,23,108
2016-03-06 02:31,13193,7705,6168,6436,6620,3369,3633,959,73,1690,27,27,288,182,172,245,74,1738,198,36,37,81,31,1649,292,221,38,75,119,44,17,7,13,65,662,31,290,20,31,614,41,65,111,9,48,24,68,80,35,22,106
2016-03-06 02:48,12907,7419,6153,6529,6488,3256,3727,964,66,1679,27,31,291,182,186,258,87,1570,184,47,37,95,30,1589,304,209,40,81,116,40,16,9,10,56,656,34,284,15,23,573,35,65,109,11,51,12,85,73,51,28,110
2016-03-06 03:04,12680,7492,4216,6217,6296,3242,3658,1007,68,1695,16,30,274,156,157,250,83,1620,208,45,37,71,40,1359,292,243,59,85,121,37,21,10,10,65,632,25,286,18,38,622,39,73,110,10,65,15,75,70,39,16,113
2016-03-06 03:21,14088,6982,3984,5999,6028,3130,3478,896,69,1723,23,38,279,147,157,246,84,1510,177,59,38,69,33,1337,273,247,59,66,135,58,21,8,19,69,625,23,255,15,42,568,39,55,113,5,42,7,63,68,34,16,105
2016-03-06 03:38,15797,6995,5938,6152,6210,3100,3549,936,66,1740,24,32,269,186,158,259,73,1464,171,49,45,68,33,1311,263,202,55,68,135,46,20,9,13,74,622,30,261,14,29,523,33,63,99,5,65,9,68,79,26,26,118
2016-03-06 03:55,16940,6925,6901,5926,6343,3173,3683,914,56,1788,16,37,267,155,188,278,74,1517,166,53,38,76,41,1217,253,187,36,73,105,38,20,4,6,64,602,32,233,12,33,501,32,65,115,11,44,10,82,87,41,29,111
2016-03-06 04:12,15934,6500,4821,5812,6112,3024,3504,822,68,1812,25,29,278,164,197,224,68,1491,163,52,34,86,40,1100,258,215,43,72,95,49,23,3,14,58,643,37,255,23,34,494,26,55,116,11,37,12,76,59,35,22,133
2016-03-06 04:29,15591,6244,4068,5647,6046,2958,3565,797,56,1800,29,31,272,145,258,247,74,1498,143,57,28,98,40,1023,255,195,37,82,116,46,19,6,15,65,576,27,251,24,38,495,35,68,102,12,40,20,74,71,33,26,127
2016-03-06 04:46,14741,6442,10164,5732,5164,2964,3620,711,63,1779,17,29,306,149,250,227,79,1414,164,59,34,80,38,956,253,198,38,65,82,50,25,9,22,55,568,27,232,11,34,498,26,80,110,6,40,9,62,53,42,27,106
2016-03-06 05:02,13661,6377,9354,5214,4844,2963,3733,738,71,1888,27,28,290,131,244,210,73,1374,180,53,26,78,41,955,236,180,49,52,81,53,20,9,7,59,590,32,211,22,42,519,26,59,120,7,35,15,64,64,38,25,91
2016-03-06 05:19,12520,6216,8290,5118,4788,2807,3606,688,61,1948,25,27,315,145,226,248,74,1394,183,49,32,100,34,905,230,218,27,64,92,48,17,7,17,44,552,24,211,17,29,456,28,54,91,5,44,13,74,72,25,22,115
2016-03-06 05:36,11845,6283,8325,5186,4972,2812,3815,719,55,1990,33,28,263,130,251,212,71,1302,141,65,29,88,44,880,230,182,47,48,81,46,20,9,12,63,527,31,239,15,40,458,28,60,108,12,44,10,74,66,33,17,107
2016-03-06 05:53,10965,6018,8030,4626,4641,2738,3849,697,55,1992,24,26,225,122,194,231,77,1352,163,56,35,100,32,857,214,193,38,54,80,38,14,7,15,52,545,34,192,11,40,459,29,53,98,4,37,10,57,57,27,25,96
2016-03-06 06:10,10305,6308,8253,4761,4554,2748,4315,670,55,1969,24,30,272,122,183,192,81,1313,154,54,25,94,37,753,219,159,39,70,83,38,13,6,12,50,507,32,184,21,30,462,23,47,92,5,32,8,59,59,29,30,97
2016-03-06 06:27,10544,6343,9708,5121,4680,2609,4991,644,58,2038,23,18,233,124,194,197,68,1395,147,58,27,90,39,761,207,195,38,64,68,43,21,11,16,63,529,36,200,26,34,469,26,54,91,10,31,10,73,48,37,28,101
2016-03-06 06:44,9780,6131,8559,4902,4693,2519,4911,639,55,2033,25,21,249,130,199,236,76,1304,127,63,31,99,61,780,220,162,51,55,51,36,24,7,12,52,518,38,189,31,39,400,27,46,108,9,38,8,70,50,27,24,102
2016-03-06 07:00,8938,5883,7547,4584,4821,2413,4975,555,45,2119,20,19,222,127,199,201,85,1311,138,51,26,96,40,733,200,176,44,56,50,37,22,12,9,55,510,28,187,18,38,419,28,38,83,6,28,5,64,34,28,18,81
2016-03-06 07:17,8036,5671,4235,4346,4393,2378,4697,571,74,2022,23,21,235,143,193,197,74,1271,144,63,25,88,26,717,235,185,38,54,52,33,15,6,12,40,455,33,180,23,42,404,18,46,107,9,27,12,75,47,27,12,86
2016-03-06 07:34,7536,5080,4320,4072,4439,2319,4417,550,49,1845,19,24,229,108,177,230,70,1266,138,50,33,82,38,711,192,155,44,63,36,23,22,6,16,46,463,38,166,26,23,431,19,36,83,10,36,11,69,55,23,27,78
2016-03-06 07:51,7054,4778,5456,3947,4480,2171,4012,550,54,1874,17,26,204,118,157,186,69,1288,127,52,29,76,38,671,197,143,33,45,42,44,23,6,9,39,447,32,179,21,30,423,22,39,88,2,36,8,67,48,21,23,88
2016-03-06 08:08,6843,4592,7960,3868,4153,2261,3596,538,55,1764,12,16,228,96,171,183,73,1442,107,51,22,82,37,710,184,156,27,44,29,31,12,8,9,52,455,30,180,23,22,371,19,39,100,7,27,8,60,42,35,23,64
2016-03-06 08:25,6244,4392,6102,3651,3818,2160,3430,565,54,1750,14,19,212,88,144,205,72,1323,127,49,25,67,27,666,185,134,34,53,31,42,17,10,11,43,471,20,177,9,20,385,23,40,92,10,31,11,84,51,20,19,76
2016-03-06 08:42,5776,4187,4191,3463,3493,2079,3106,555,39,1670,19,22,200,95,166,217,80,1297,123,55,27,84,42,639,161,122,36,44,31,31,12,8,10,50,489,29,183,16,26,354,27,48,70,6,24,6,66,56,21,22,68
2016-03-06 08:58,5575,4121,4332,3089,3399,1984,3057,556,33,1597,6,23,202,106,135,150,54,1299,102,56,25,87,33,655,163,151,33,38,25,27,12,7,9,56,449,26,153,19,31,362,22,29,82,7,21,10,77,54,24,15,61
2016-03-06 09:16,4895,4024,5572,2968,3294,1999,2851,576,45,1497,13,20,217,107,135,160,68,1221,129,52,25,81,32,623,173,130,39,35,28,29,16,9,15,25,493,29,166,20,34,374,13,34,86,9,14,8,74,51,20,18,67
2016-03-06 09:33,4527,3861,7714,2916,3408,1952,2665,600,54,1530,14,17,207,111,137,190,71,1239,124,44,26,64,31,652,158,114,47,30,26,25,17,5,9,43,468,26,157,15,27,357,10,33,77,6,27,12,79,51,31,28,60
2016-03-06 09:49,4161,3815,6720,2543,3236,1887,2467,570,42,1472,7,14,187,112,112,165,67,1302,122,32,21,66,35,648,171,107,41,28,20,38,10,9,11,56,509,29,164,18,33,389,19,30,68,10,23,11,83,55,19,14,57
2016-03-06 10:06,4003,3612,4418,2285,3202,1861,2348,610,59,1378,12,16,168,119,84,183,67,2859,115,38,27,58,15,562,184,127,31,23,24,33,18,18,9,35,461,28,150,15,37,396,16,28,70,7,24,3,83,44,17,18,49
2016-03-06 10:23,3911,3278,4350,2134,3211,1685,2138,622,56,1332,14,25,165,95,97,167,67,1627,119,31,25,67,24,586,161,119,36,33,21,20,11,10,8,37,507,29,123,8,21,357,17,19,72,2,27,10,90,46,29,18,57
2016-03-06 10:40,3751,3022,4500,2064,3172,1615,2054,595,40,1214,18,19,191,98,83,179,74,1340,136,32,21,62,25,602,168,132,42,38,27,22,10,8,9,35,488,22,139,13,33,392,15,24,69,8,27,7,73,51,29,21,44
2016-03-06 10:57,3542,3147,8202,2025,3027,1622,1987,654,72,1176,15,25,183,120,82,165,57,1349,97,31,27,61,31,591,163,143,42,30,22,19,14,15,10,37,451,21,134,16,39,393,12,20,64,6,34,9,85,38,28,17,46
2016-03-06 11:14,3368,2951,5796,1856,2998,1685,1984,641,58,1174,15,23,173,117,75,131,64,1253,105,36,24,52,29,584,144,144,42,33,23,20,12,10,8,33,491,25,126,13,40,439,11,29,73,7,25,5,65,33,20,18,48
2016-03-06 11:30,3279,2875,5842,1754,2977,1680,2022,615,100,1148,15,19,151,91,68,140,66,1268,97,34,23,58,21,591,147,112,38,28,20,24,14,12,9,39,498,19,137,18,40,383,22,26,70,6,29,11,100,34,15,20,46
2016-03-06 11:47,3346,2865,11986,1731,2937,1661,1840,594,115,1130,14,17,158,96,89,146,52,1352,110,33,26,48,35,562,152,135,34,18,24,25,10,11,7,42,467,23,129,20,38,420,23,24,65,9,26,11,90,37,14,18,45
2016-03-06 12:04,3508,2943,13444,1676,3060,1776,1986,651,87,1189,16,17,196,106,92,145,62,1832,94,37,34,65,29,564,132,134,29,29,33,27,10,9,6,40,452,19,119,15,27,397,20,24,67,6,25,6,104,40,10,18,43
2016-03-06 12:21,3939,3189,10512,1863,3319,1892,2092,702,88,1323,13,15,144,97,95,145,73,3360,129,32,23,60,43,569,130,118,34,33,44,26,15,8,11,38,487,27,136,17,34,398,15,29,67,8,23,9,103,44,12,18,65
2016-03-06 12:38,4030,3466,9375,1865,3737,2047,2029,695,83,1311,11,18,182,107,93,143,90,1314,119,40,37,62,51,558,158,131,43,30,43,22,11,10,6,53,511,34,151,14,31,416,10,25,79,6,25,9,93,42,7,16,58
2016-03-06 12:55,4413,3775,8247,1929,4027,2186,2164,747,69,1448,16,24,186,115,87,175,78,1213,109,42,26,47,38,566,167,143,54,43,63,25,15,13,11,54,517,24,149,14,34,399,23,27,86,8,30,8,94,51,20,20,60
2016-03-06 13:12,4868,4218,8368,2107,4568,2448,2387,717,87,1545,17,21,195,100,119,186,67,1248,136,38,26,53,47,642,185,134,45,41,62,29,21,11,13,38,523,26,153,15,37,412,19,35,89,7,29,5,96,51,17,13,58
2016-03-06 13:28,5144,4556,8090,2296,5047,2536,2394,822,106,1690,17,25,241,117,101,207,82,1282,139,39,37,57,53,649,193,151,56,52,73,16,17,8,11,65,530,46,164,25,38,441,22,38,87,11,42,6,89,50,16,18,72
2016-03-06 13:45,5374,5022,8194,2420,5889,2672,2376,964,112,1693,13,31,215,121,112,213,95,1279,150,38,34,82,70,667,197,165,47,40,90,39,20,15,9,44,549,40,153,28,35,463,23,37,79,9,31,11,98,49,15,28,80
2016-03-06 14:02,5722,5544,7871,2482,6091,2833,2602,983,143,1795,16,26,206,113,117,238,92,1330,158,46,36,73,57,686,225,156,62,42,101,26,16,8,16,44,576,43,168,24,45,463,17,41,88,7,39,13,100,61,20,22,77
2016-03-06 14:19,5785,5665,7738,2795,6702,3062,2891,997,102,1869,17,33,230,127,144,247,104,1330,157,50,39,92,47,645,227,167,55,53,108,31,19,12,10,61,535,65,197,26,40,498,20,35,69,9,44,7,113,64,20,27,103
2016-03-06 14:36,6082,6304,7764,2970,7083,3194,2949,1101,98,2016,22,33,269,144,159,269,107,1384,191,50,40,93,71,725,275,169,49,65,67,33,21,7,11,65,580,60,279,26,46,521,13,52,86,11,54,12,102,73,17,25,124
2016-03-06 14:53,6416,6931,7702,3038,6279,3320,3044,1096,106,2121,23,37,268,147,152,270,126,1439,192,54,38,77,71,690,272,206,58,53,85,38,15,13,11,58,587,62,300,26,45,500,12,43,81,12,32,4,102,76,12,26,100
2016-03-06 15:10,6677,6974,7577,3151,6201,3379,3012,1189,149,2131,19,40,273,151,166,283,112,1447,186,45,37,85,71,699,238,211,63,56,73,37,19,14,6,55,600,57,305,26,55,552,12,46,102,10,40,12,101,72,15,21,101
2016-03-06 15:26,6864,7654,7522,3366,6445,3334,3147,1211,146,2154,14,34,297,152,201,275,118,1564,174,49,42,84,85,730,264,223,74,54,87,45,16,10,2,59,667,68,322,44,50,597,13,44,87,8,38,7,128,88,7,28,116
2016-03-06 15:43,7228,8400,7679,3597,6509,3585,3175,1165,164,2264,25,37,307,135,192,311,128,1532,204,75,34,106,104,807,288,216,73,51,95,41,21,11,7,65,688,54,316,34,51,589,13,43,90,7,54,11,134,81,10,22,112
2016-03-06 16:00,7503,9697,7555,3891,6641,3833,3197,1194,156,2292,23,30,282,140,157,293,108,1518,183,52,34,103,75,806,293,230,94,69,84,34,16,16,4,75,664,67,332,34,47,581,19,54,92,3,49,7,128,81,18,39,112
2016-03-06 16:17,7832,13624,7745,3947,6689,3798,3192,1076,166,2274,13,32,324,161,207,272,128,1584,233,61,43,101,78,825,312,268,74,79,87,42,19,19,13,57,695,60,293,27,42,609,11,31,104,8,44,8,122,88,20,31,124
2016-03-06 16:34,8232,16276,7506,4138,6605,3811,3489,1080,185,2361,29,44,305,194,179,284,104,1597,211,63,49,98,82,877,292,254,54,68,87,26,26,8,6,69,702,61,329,37,54,656,13,39,133,9,37,5,148,85,21,34,139
2016-03-06 16:51,8517,16717,7643,4270,6469,3880,3822,1071,200,2273,23,25,317,156,198,289,142,1756,210,51,39,117,88,898,331,230,78,79,73,33,22,11,9,76,730,69,334,39,58,670,27,39,97,8,49,6,133,87,26,32,137
2016-03-06 17:08,8879,16485,7527,4301,6597,3809,4122,1102,186,2233,28,38,320,171,185,291,124,1698,225,66,40,105,81,858,350,260,69,77,87,51,19,19,9,62,737,70,347,33,61,660,50,44,120,8,44,5,142,79,18,36,167
2016-03-06 17:25,9315,15215,7511,4292,6402,3772,4315,989,166,2261,27,44,291,183,177,284,106,1654,222,56,38,83,75,898,332,301,84,74,79,44,21,21,5,53,736,75,300,21,53,653,49,33,123,8,44,10,145,74,14,36,121
2016-03-06 17:41,10068,13989,7328,4395,6476,3917,4680,1035,177,2294,27,28,280,174,170,282,101,1685,226,57,39,98,59,965,338,273,74,85,77,39,22,12,6,63,789,61,299,22,42,699,47,48,110,8,52,12,147,74,19,33,151
2016-03-06 17:58,11316,10520,7277,4521,6503,3900,4907,1058,218,2310,34,52,289,166,208,301,95,1719,249,38,37,105,77,977,374,279,87,67,72,39,23,11,7,65,755,59,322,30,67,679,45,62,106,5,52,7,148,76,17,40,137
2016-03-06 18:15,11565,16526,7444,4702,6605,3876,5107,1014,200,2253,47,45,266,180,204,295,105,1709,281,55,34,88,74,1032,372,269,72,76,91,38,21,9,6,76,804,58,344,25,48,668,58,53,115,11,46,9,152,91,18,37,138
2016-03-06 18:32,11102,15314,7241,4758,6594,3820,4833,945,195,2200,25,53,293,179,211,283,145,1736,276,67,45,98,79,999,357,268,86,85,74,45,12,7,8,79,809,65,296,28,46,717,75,51,118,8,49,13,155,81,12,42,149
2016-03-06 18:49,10965,14780,7140,4808,6360,3745,4856,946,178,2247,41,33,320,192,179,338,131,1672,282,51,42,106,78,1026,337,306,88,69,90,40,24,11,6,88,776,73,307,27,43,734,68,64,118,11,43,7,154,87,13,47,150
2016-03-06 19:06,10678,14451,7285,4929,5770,3876,4891,1013,170,2177,32,43,343,208,186,332,140,1791,271,62,48,103,74,1067,324,275,97,74,85,40,22,18,9,82,800,74,336,30,56,668,73,62,104,12,48,9,171,81,16,39,152
2016-03-06 19:23,10546,14080,7102,4997,5767,3785,4750,927,187,2182,25,33,299,183,178,376,117,1877,280,46,63,103,67,981,339,251,101,74,100,44,14,16,8,75,770,85,304,32,56,738,65,55,99,9,46,9,173,79,14,32,157
2016-03-06 19:40,10233,13608,6971,5006,5786,3834,4725,945,140,2241,28,30,318,193,175,375,156,1826,280,54,61,108,62,991,323,299,130,73,90,47,32,20,11,82,840,79,308,28,51,714,71,66,128,13,62,8,153,101,9,45,133
2016-03-06 19:57,9996,13553,7002,5217,5975,3960,4769,910,137,2140,26,35,302,187,221,342,136,1804,280,59,57,121,64,1025,309,295,96,64,114,37,21,21,6,72,814,68,298,27,51,699,74,65,96,17,45,10,154,81,22,36,145
2016-03-06 20:14,9325,12704,7060,5306,5765,3829,4674,1014,157,2080,25,30,316,166,209,352,123,1840,257,59,56,83,64,1030,332,306,122,61,82,42,29,28,6,81,868,73,300,32,51,670,100,70,123,10,38,12,204,84,21,30,130
2016-03-06 20:31,9462,12737,6778,5262,6078,3959,4555,935,152,2131,28,36,328,183,198,358,135,1911,267,60,49,117,51,947,310,276,109,65,83,52,25,35,12,72,821,70,295,26,49,719,70,97,108,13,49,8,205,88,17,34,136
2016-03-06 20:47,9574,12117,6629,5199,6508,4003,4484,907,165,2121,36,38,310,190,201,331,144,1885,263,57,58,115,63,997,330,293,119,74,100,35,19,34,11,97,782,68,274,44,43,719,88,88,110,7,52,14,215,94,18,39,139
2016-03-06 21:04,9394,11501,6806,5459,6713,4024,4336,886,167,2144,36,32,312,187,197,379,162,1950,263,60,67,102,65,958,309,280,110,79,105,42,20,28,13,93,852,72,272,29,54,764,94,91,139,9,58,8,285,94,17,36,118
2016-03-06 21:21,9090,10883,6725,5882,7300,3978,4273,956,163,2107,32,23,301,188,227,369,153,1885,230,63,55,88,64,969,300,276,126,83,115,43,30,35,11,91,796,76,282,20,37,782,73,112,129,8,41,7,180,98,22,44,151
2016-03-06 21:38,8654,10895,6698,6208,8268,3942,4156,941,134,2185,32,41,327,198,218,370,154,1931,231,50,61,98,54,958,307,254,122,74,101,42,22,36,8,98,893,62,311,28,62,728,81,102,135,13,69,13,157,83,22,40,132
2016-03-06 21:55,8331,10503,6527,6695,8645,3990,4303,955,133,2174,44,37,316,204,206,369,146,1852,231,70,62,102,58,1008,291,269,132,81,121,40,30,34,7,89,810,70,290,25,49,779,75,109,146,10,60,12,112,65,32,35,134
2016-03-06 22:12,8291,10190,6529,6618,9416,3801,4157,960,131,2261,37,41,295,173,208,352,162,1957,217,55,60,108,50,956,271,278,129,75,119,55,31,25,7,97,837,67,298,22,56,773,80,127,131,8,68,10,114,93,26,41,126
2016-03-06 22:29,8126,10014,6408,7305,9230,3865,4166,969,129,2212,30,35,312,177,211,359,162,1925,234,62,62,110,55,1000,272,287,142,69,120,46,41,33,12,83,847,71,279,23,41,762,65,106,155,11,69,9,170,73,21,34,152
2016-03-06 22:46,7935,9668,6431,8778,9380,3900,3854,925,110,2228,36,29,318,171,209,351,134,1892,220,51,48,128,52,961,281,275,146,72,106,29,29,34,5,88,806,71,278,24,56,786,63,117,141,8,57,10,119,78,24,40,125
2016-03-06 23:03,7809,9542,6249,13243,8828,3989,3923,975,124,2176,40,39,315,185,207,366,124,1824,228,44,52,136,44,958,263,258,133,60,110,27,23,34,6,88,808,67,287,32,46,771,68,116,138,10,49,14,150,81,22,37,123
2016-03-06 23:19,7885,9068,6235,14429,8431,3917,3813,936,99,2235,40,35,311,174,222,423,132,1937,209,66,57,121,41,994,291,250,114,69,124,29,26,28,4,72,896,63,287,29,39,733,65,120,132,21,68,10,134,77,24,33,142
2016-03-06 23:36,7713,9019,5952,12201,7657,3867,3664,1003,110,2137,36,35,298,175,207,373,141,1876,215,64,43,117,54,934,275,249,121,82,119,15,44,28,8,69,791,58,252,27,43,756,66,101,121,8,49,8,105,86,19,38,130
2016-03-06 23:53,7587,9094,5735,11334,7600,3861,3646,1017,109,2123,35,19,300,162,208,374,111,1931,196,58,43,108,43,934,276,250,123,71,129,10,26,30,6,87,815,65,273,17,44,733,74,119,142,9,54,6,112,76,22,41,121
