Date,politics,AdviceAnimals,DotA2,nba,WTF,relationships,BlackPeopleTwitter,RocketLeague,gamephysics,gonewild,memes,astrophotography,bloodborne,ShitRedditSays,RandomActsOfBlowJob,AskScienceFiction,arduino,pathofexile,swtor,boobbounce,Ubuntu,NSFW_Snapchat,EverythingScience,KotakuInAction,arrow,StarWarsBattlefront,badhistory,snowboarding,HomeImprovement,lifeofnorman,economy,SWARJE,illusionporn,torrents,runescape,musictheory,funhaus,camwhores,privacy,Eve,BeAmazed,TheGirlSurvivalGuide,amiugly,waterporn,swoleacceptance,Offensive_Wallpapers,Cynicalbrit,audiophile,TheoryOfReddit,Jazz,Aquariums
2016-03-04 19:40,3062058,4107432,262698,349338,4528486,428435,602521,139354,137961,814173,58754,58705,58746,74275,58688,58693,58426,58574,58217,58261,58201,58272,58011,58010,57864,57907,57860,57796,57726,57465,57405,57395,57275,57184,57232,57153,56844,56765,56710,56643,56609,56552,56456,56433,56387,56352,56225,56253,56157,56118,56069
2016-03-04 19:57,3062073,4107431,262702,349343,4528498,428443,602536,139367,137960,814180,58755,58705,58746,74276,58689,58693,58427,58578,58216,58262,58201,58274,58011,58011,57863,57908,57861,57796,57729,57465,57406,57394,57276,57184,57232,57154,56844,56767,56710,56645,56609,56551,56457,56433,56389,56352,56225,56254,56157,56118,56070
2016-03-04 20:14,3062086,4107432,262705,349344,4528504,428446,602556,139385,137961,814183,58757,58706,58746,74277,58689,58696,58428,58583,58215,58264,58204,58277,58011,58012,57862,57908,57862,57797,57729,57465,57407,57394,57277,57184,57234,57154,56844,56767,56711,56645,56609,56552,56458,56433,56390,56351,56225,56255,56157,56121,56071
2016-03-04 20:31,3062094,4107436,262708,349346,4528511,428445,602567,139408,137961,814184,58757,58706,58746,74280,58693,58697,58429,58586,58215,58264,58204,58278,58012,58014,57862,57909,57862,57797,57729,57464,57407,57397,57277,57184,57235,57154,56848,56768,56712,56646,56608,56553,56459,56432,56388,56352,56225,56255,56158,56122,56073
2016-03-04 20:48,3062111,4107443,262709,349350,4528517,428450,602576,139420,137964,814186,58759,58707,58745,74281,58694,58697,58429,58590,58217,58264,58203,58280,58013,58016,57860,57910,57863,57798,57729,57464,57407,57400,57279,57184,57236,57157,56848,56766,56713,56646,56608,56555,56459,56433,56388,56352,56225,56257,56158,56122,56073
2016-03-04 21:05,3062119,4107446,262711,349358,4528528,428456,602594,139428,137964,814187,58759,58707,58747,74281,58695,58697,58428,58593,58217,58266,58204,58286,58013,58015,57858,57908,57866,57798,57730,57464,57409,57398,57279,57185,57237,57157,56849,56766,56714,56647,56608,56557,56458,56432,56387,56353,56226,56257,56159,56123,56073
2016-03-04 21:21,3062131,4107451,262714,349363,4528536,428459,602605,139435,137963,814186,58759,58706,58747,74282,58696,58697,58430,58596,58217,58266,58204,58288,58014,58015,57859,57907,57864,57799,57730,57463,57409,57398,57279,57185,57237,57157,56849,56766,56714,56647,56608,56558,56460,56432,56387,56353,56225,56258,56159,56123,56074
2016-03-04 21:38,3062142,4107450,262710,349369,4528543,428463,602615,139451,137963,814184,58760,58706,58747,74282,58697,58698,58429,58596,58219,58267,58204,58289,58014,58016,57859,57907,57865,57799,57732,57463,57410,57398,57279,57185,57237,57157,56850,56767,56714,56646,56610,56558,56461,56432,56386,56354,56226,56258,56159,56123,56074
2016-03-04 21:55,3062148,4107449,262711,349371,4528549,428468,602634,139460,137964,814185,58765,58706,58749,74281,58696,58699,58429,58600,58220,58269,58205,58289,58014,58017,57859,57907,57864,57799,57733,57463,57410,57398,57279,57187,57238,57157,56852,56767,56715,56647,56610,56557,56462,56432,56387,56354,56226,56259,56158,56123,56074
2016-03-04 22:12,3062153,4107450,262714,349372,4528559,428475,602648,139467,137965,814185,58766,58706,58749,74281,58696,58700,58429,58602,58221,58270,58204,58291,58013,58017,57856,57908,57864,57799,57734,57464,57411,57399,57280,57186,57237,57157,56855,56767,56715,56647,56611,56558,56461,56432,56387,56354,56226,56260,56159,56123,56074
2016-03-04 22:29,3062159,4107451,262717,349375,4528556,428478,602658,139473,137963,814187,58766,58707,58749,74281,58695,58701,58430,58602,58221,58270,58204,58291,58013,58022,57858,57907,57865,57799,57735,57464,57411,57399,57281,57187,57237,57158,56856,56767,56717,56648,56613,56558,56460,56432,56387,56354,56225,56260,56158,56122,56074
2016-03-04 22:46,3062169,4107451,262720,349382,4528565,428486,602668,139483,137963,814187,58765,58707,58748,74281,58696,58701,58431,58604,58221,58271,58204,58293,58013,58019,57859,57906,57864,57799,57738,57463,57411,57398,57281,57187,57238,57160,56857,56766,56717,56648,56614,56559,56461,56432,56387,56354,56224,56260,56159,56123,56074
2016-03-04 23:03,3062171,4107452,262723,349384,4528571,428490,602680,139496,137961,814193,58765,58706,58749,74284,58695,58702,58430,58607,58221,58272,58203,58296,58010,58021,57859,57905,57863,57799,57739,57463,57411,57404,57281,57186,57239,57162,56858,56768,56717,56648,56613,56559,56460,56432,56386,56354,56224,56262,56159,56124,56075
2016-03-04 23:19,3062174,4107457,262724,349384,4528577,428493,602696,139505,137961,814195,58765,58706,58751,74284,58698,58702,58430,58613,58221,58272,58203,58299,58013,58022,57857,57905,57862,57800,57740,57463,57412,57405,57281,57186,57238,57164,56860,56768,56717,56651,56614,56560,56461,56432,56385,56355,56224,56263,56159,56124,56076
2016-03-04 23:36,3062181,4107457,262720,349386,4528586,428496,602707,139513,137961,814197,58765,58707,58751,74285,58700,58704,58431,58615,58220,58272,58205,58300,58014,58025,57857,57905,57861,57800,57742,57463,57413,57405,57281,57187,57239,57164,56863,56768,56717,56652,56614,56560,56462,56433,56385,56354,56224,56264,56159,56124,56077
2016-03-04 23:53,3062189,4107466,262723,349387,4528600,428501,602720,139526,137961,814204,58766,58707,58754,74284,58700,58706,58431,58637,58221,58273,58206,58303,58015,58026,57856,57905,57862,57800,57742,57464,57413,57406,57281,57187,57239,57165,56868,56767,56718,56653,56614,56559,56462,56433,56385,56355,56224,56264,56159,56125,56079
2016-03-05 00:10,3062200,4107474,262724,349391,4528600,428503,602729,139535,137962,814207,58766,58708,58754,74283,58702,58708,58431,58647,58221,58276,58204,58305,58015,58027,57854,57904,57861,57800,57742,57463,57413,57406,57281,57186,57241,57166,56868,56769,56719,56651,56617,56559,56462,56433,56385,56355,56226,56265,56159,56125,56079
2016-03-05 00:27,3062210,4107478,262728,349396,4528607,428508,602740,139543,137962,814208,58767,58708,58754,74284,58701,58708,58432,58650,58221,58274,58204,58306,58015,58029,57852,57905,57862,57800,57742,57463,57414,57407,57282,57185,57241,57166,56869,56768,56719,56651,56615,56559,56463,56433,56385,56356,56226,56265,56159,56125,56080
2016-03-05 00:44,3062223,4107477,262729,349402,4528612,428511,602746,139548,137962,814213,58769,58708,58754,74284,58703,58708,58433,58653,58221,58275,58204,58308,58015,58027,57850,57905,57863,57800,57742,57463,57414,57409,57283,57185,57241,57166,56872,56768,56720,56651,56615,56561,56463,56433,56386,56356,56226,56265,56159,56125,56080
2016-03-05 01:01,3062224,4107481,262733,349409,4528613,428513,602764,139556,137962,814221,58769,58708,58755,74285,58703,58708,58433,58656,58222,58278,58203,58311,58015,58028,57848,57905,57862,57800,57743,57464,57414,57411,57283,57186,57243,57167,56872,56769,56719,56651,56616,56563,56463,56434,56386,56355,56226,56265,56158,56124,56080
2016-03-05 01:17,3062229,4107482,262734,349411,4528616,428521,602776,139563,137961,814226,58770,58708,58757,74285,58703,58709,58433,58656,58224,58279,58205,58310,58015,58028,57848,57904,57861,57800,57743,57464,57414,57412,57283,57186,57245,57167,56872,56769,56719,56651,56616,56563,56463,56434,56386,56355,56226,56267,56159,56124,56080
2016-03-05 01:34,3062238,4107494,262736,349414,4528621,428524,602787,139572,137961,814222,58773,58708,58758,74286,58703,58709,58434,58673,58222,58279,58205,58310,58015,58029,57845,57902,57862,57800,57743,57464,57414,57412,57282,57188,57246,57167,56872,56768,56719,56651,56616,56563,56463,56434,56385,56355,56226,56267,56159,56124,56080
2016-03-05 01:51,3062244,4107495,262739,349419,4528624,428524,602792,139577,137962,814224,58774,58708,58760,74287,58704,58710,58435,58687,58222,58280,58207,58311,58017,58029,57844,57902,57863,57801,57745,57464,57414,57413,57283,57189,57246,57167,56873,56768,56720,56652,56617,56564,56463,56434,56385,56355,56226,56267,56158,56124,56080
2016-03-05 02:08,3062246,4107504,262744,349421,4528631,428524,602804,139585,137962,814223,58774,58708,58761,74288,58703,58710,58435,58695,58223,58280,58208,58311,58019,58029,57844,57901,57863,57801,57747,57464,57415,57414,57283,57188,57246,57166,56874,56768,56722,56652,56617,56564,56464,56434,56385,56355,56226,56267,56159,56124,56080
2016-03-05 02:25,3062252,4107512,262750,349426,4528636,428528,602812,139593,137962,814225,58775,58708,58760,74289,58704,58711,58436,58702,58224,58280,58208,58312,58019,58029,57842,57900,57863,57801,57747,57464,57415,57415,57283,57190,57246,57166,56879,56768,56723,56652,56618,56564,56464,56436,56386,56355,56226,56267,56159,56124,56083
2016-03-05 02:42,3062262,4107517,262749,349427,4528645,428531,602822,139597,137962,814228,58775,58708,58760,74290,58708,58711,58436,58704,58224,58280,58210,58312,58019,58030,57842,57900,57862,57801,57747,57464,57415,57415,57282,57191,57246,57166,56881,56767,56723,56652,56618,56564,56464,56436,56385,56355,56226,56268,56158,56124,56086
2016-03-05 02:59,3062272,4107520,262752,349435,4528645,428533,602835,139608,137962,814225,58778,58708,58761,74290,58708,58711,58436,58707,58227,58280,58209,58313,58020,58032,57839,57899,57863,57801,57746,57464,57415,57415,57282,57192,57247,57166,56883,56767,56725,56651,56618,56564,56464,56436,56385,56355,56226,56268,56158,56124,56086
2016-03-05 03:15,3062285,4107520,262755,349440,4528649,428539,602840,139617,137963,814233,58778,58708,58762,74291,58708,58711,58437,58723,58227,58280,58210,58311,58020,58032,57839,57899,57863,57802,57745,57464,57415,57414,57282,57192,57247,57166,56885,56769,56725,56652,56621,56564,56464,56435,56385,56354,56226,56268,56158,56124,56088
2016-03-05 03:32,3062289,4107524,262753,349444,4528659,428542,602850,139626,137963,814239,58778,58708,58764,74293,58709,58711,58439,58724,58227,58281,58210,58311,58019,58031,57837,57899,57862,57802,57745,57464,57415,57416,57282,57193,57247,57166,56888,56769,56726,56652,56621,56565,56463,56435,56385,56354,56226,56268,56158,56124,56088
2016-03-05 03:49,3062292,4107524,262758,349447,4528667,428545,602859,139635,137964,814250,58779,58708,58768,74294,58710,58711,58438,58724,58228,58282,58210,58311,58019,58032,57836,57899,57861,57802,57747,57464,57415,57416,57282,57195,57247,57166,56890,56769,56726,56651,56621,56565,56463,56435,56385,56354,56226,56268,56158,56124,56088
2016-03-05 04:06,3062297,4107524,262758,349454,4528674,428548,602869,139643,137964,814257,58779,58708,58768,74297,58712,58711,58437,58725,58228,58282,58208,58312,58021,58033,57839,57899,57861,57802,57747,57465,57415,57416,57282,57196,57246,57166,56890,56769,56726,56651,56622,56565,56465,56435,56385,56354,56226,56268,56159,56125,56088
2016-03-05 04:23,3062301,4107527,262768,349458,4528681,428551,602872,139648,137964,814258,58781,58708,58771,74298,58713,58712,58437,58727,58227,58282,58208,58314,58022,58034,57841,57900,57861,57802,57747,57464,57415,57417,57282,57196,57245,57166,56890,56771,56726,56651,56623,56565,56465,56436,56384,56354,56226,56269,56159,56125,56088
2016-03-05 04:40,3062311,4107532,262772,349463,4528680,428556,602880,139655,137964,814263,58781,58709,58770,74296,58712,58712,58437,58729,58225,58281,58209,58318,58022,58033,57842,57899,57861,57803,57748,57464,57416,57418,57282,57196,57244,57165,56892,56772,56726,56652,56623,56565,56466,56436,56384,56354,56226,56270,56159,56125,56088
2016-03-05 04:57,3062322,4107533,262775,349469,4528691,428563,602886,139659,137964,814272,58784,58709,58772,74296,58712,58713,58438,58730,58225,58281,58210,58319,58023,58033,57844,57900,57861,57803,57748,57464,57417,57418,57282,57195,57244,57165,56894,56772,56726,56651,56622,56565,56468,56436,56384,56354,56226,56271,56159,56125,56088
2016-03-05 05:13,3062325,4107535,262776,349471,4528696,428566,602893,139667,137965,814273,58784,58709,58773,74295,58713,58713,58438,58731,58226,58282,58210,58324,58023,58033,57845,57899,57861,57802,57748,57464,57417,57418,57282,57195,57244,57165,56894,56772,56726,56652,56622,56564,56468,56436,56384,56354,56226,56273,56159,56125,56088
2016-03-05 05:30,3062334,4107540,262779,349473,4528699,428572,602900,139672,137964,814275,58784,58709,58775,74296,58713,58713,58439,58732,58226,58281,58210,58326,58023,58036,57846,57899,57861,57801,57748,57464,57417,57418,57283,57195,57244,57166,56896,56773,56727,56653,56622,56564,56468,56437,56384,56354,56226,56274,56159,56127,56088
2016-03-05 05:47,3062336,4107540,262778,349481,4528708,428577,602904,139682,137965,814280,58785,58709,58774,74295,58712,58714,58440,58733,58225,58283,58210,58327,58024,58037,57845,57900,57862,57801,57749,57463,57417,57418,57283,57197,57244,57166,56897,56773,56728,56654,56622,56565,56468,56437,56384,56354,56226,56274,56159,56127,56088
2016-03-05 06:04,3062344,4107545,262782,349487,4528711,428581,602917,139694,137967,814286,58785,58709,58778,74295,58714,58713,58442,58735,58226,58284,58210,58330,58024,58039,57844,57899,57862,57801,57750,57463,57417,57419,57284,57197,57244,57166,56898,56774,56728,56654,56623,56565,56469,56437,56384,56354,56226,56274,56160,56127,56088
2016-03-05 06:21,3062355,4107545,262784,349488,4528715,428583,602921,139701,137967,814286,58785,58709,58779,74292,58714,58714,58443,58737,58226,58284,58210,58331,58025,58036,57845,57900,57862,57801,57750,57463,57418,57419,57284,57197,57246,57166,56898,56775,56728,56654,56623,56565,56469,56437,56384,56354,56226,56275,56160,56127,56089
2016-03-05 06:38,3062363,4107546,262791,349494,4528722,428590,602930,139706,137968,814288,58785,58710,58779,74292,58713,58714,58444,58743,58226,58286,58210,58332,58025,58036,57845,57897,57865,57801,57750,57463,57418,57420,57284,57197,57246,57167,56899,56775,56728,56654,56623,56565,56469,56437,56384,56354,56226,56276,56160,56127,56089
2016-03-05 06:55,3062371,4107549,262795,349498,4528727,428592,602933,139716,137967,814293,58784,58710,58782,74292,58714,58715,58444,58750,58226,58286,58211,58339,58026,58036,57846,57897,57866,57801,57750,57463,57418,57419,57284,57197,57246,57168,56900,56777,56728,56655,56624,56564,56468,56437,56384,56354,56226,56276,56160,56127,56088
2016-03-05 07:11,3062379,4107552,262801,349501,4528733,428595,602939,139718,137967,814295,58785,58710,58784,74294,58714,58716,58444,58752,58226,58288,58211,58339,58026,58036,57847,57897,57867,57801,57750,57464,57418,57420,57284,57197,57246,57168,56905,56778,56728,56655,56623,56565,56468,56438,56384,56353,56226,56276,56160,56127,56088
2016-03-05 07:28,3062384,4107555,262805,349504,4528738,428602,602943,139722,137966,814292,58787,58710,58784,74294,58715,58716,58444,58756,58228,58288,58211,58342,58027,58035,57847,57897,57865,57801,57751,57464,57419,57420,57284,57195,57247,57168,56904,56779,56727,56655,56624,56565,56468,56438,56384,56353,56226,56277,56160,56128,56088
2016-03-05 07:45,3062391,4107552,262804,349504,4528738,428609,602954,139734,137966,814292,58787,58710,58784,74295,58715,58717,58444,58758,58228,58288,58211,58343,58027,58034,57848,57897,57865,57801,57751,57464,57420,57420,57285,57195,57247,57169,56904,56780,56727,56655,56625,56565,56468,56439,56384,56353,56226,56278,56160,56128,56088
2016-03-05 08:02,3062391,4107555,262804,349509,4528742,428611,602957,139752,137965,814295,58787,58710,58784,74295,58714,58717,58444,58761,58228,58289,58211,58346,58027,58034,57848,57896,57864,57802,57751,57464,57421,57420,57285,57195,57247,57169,56905,56780,56727,56655,56625,56565,56468,56439,56384,56353,56226,56278,56160,56127,56088
2016-03-05 08:19,3062391,4107556,262806,349509,4528747,428611,602968,139764,137965,814297,58787,58709,58784,74295,58714,58717,58445,58765,58227,58290,58211,58348,58028,58034,57848,57895,57865,57803,57751,57464,57422,57422,57285,57195,57248,57169,56905,56780,56727,56655,56625,56565,56468,56439,56384,56353,56226,56278,56160,56127,56088
2016-03-05 08:36,3062394,4107554,262805,349510,4528748,428617,602971,139776,137965,814297,58788,58709,58784,74295,58715,58717,58445,58765,58227,58293,58210,58351,58028,58034,57848,57896,57865,57803,57751,57464,57422,57422,57285,57195,57247,57168,56905,56780,56728,56655,56626,56565,56468,56440,56384,56353,56226,56278,56160,56128,56088
2016-03-05 08:52,3062398,4107557,262805,349511,4528751,428624,602973,139786,137965,814300,58788,58709,58784,74297,58714,58716,58443,58765,58227,58293,58210,58353,58028,58032,57849,57897,57865,57803,57751,57462,57422,57424,57285,57195,57247,57168,56907,56782,56728,56655,56625,56565,56468,56440,56384,56353,56228,56278,56161,56128,56088
2016-03-05 09:09,3062396,4107558,262806,349514,4528751,428626,602975,139796,137965,814300,58789,58709,58785,74298,58714,58716,58445,58770,58226,58294,58209,58356,58027,58032,57850,57897,57864,57803,57750,57463,57423,57424,57285,57195,57248,57168,56907,56785,56729,56656,56626,56565,56469,56440,56384,56354,56228,56279,56161,56128,56087
2016-03-05 09:26,3062405,4107557,262810,349517,4528756,428629,602978,139803,137966,814301,58790,58709,58784,74298,58712,58717,58445,58773,58226,58293,58208,58357,58027,58034,57850,57895,57865,57803,57750,57463,57423,57425,57285,-1,57249,57167,56907,56786,56729,56657,56626,56565,56470,56441,56384,56354,56228,56279,56161,56128,56087
2016-03-05 09:44,3062407,4107557,262810,349523,4528755,428632,602982,139809,137966,814309,58791,58709,58784,74298,58710,58717,58446,58775,58226,58293,58208,58359,58027,58036,57850,57894,57865,57803,57750,57463,57423,57429,57285,57196,57249,57167,56907,56787,56728,56657,56626,56565,56469,56441,56384,56354,56228,56278,56161,56129,56087
2016-03-05 10:01,3062409,4107559,262814,349522,4528761,428632,602988,139826,137966,814317,58791,58709,58784,74299,58713,58717,58447,58776,58227,58294,58209,58361,58027,58036,57851,57894,57866,57803,57750,57463,57423,57431,57285,57196,57250,57167,56907,56787,56728,56657,56626,56565,56470,56441,56384,56355,56228,56278,56160,56129,56087
2016-03-05 10:18,3062413,4107558,262814,349524,4528763,428632,602993,139835,137966,814318,58792,58709,58784,74298,58713,58719,58447,58775,58227,58294,58210,58362,58028,58037,57850,57891,57873,57803,57751,57463,57423,57433,57285,57196,57249,57168,56908,56787,56728,56656,56627,56565,56470,56441,56384,56355,56228,56278,56160,56130,56087
2016-03-05 10:34,3062414,4107554,262819,349526,4528767,428640,602993,139840,137966,814323,58795,58709,58785,74298,58713,58719,58447,58775,58227,58295,58210,58362,58028,58036,57852,57892,57873,57803,57751,57463,57423,57433,57285,57196,57251,57169,56909,56787,56729,56657,56628,56566,56470,56441,56384,56354,56228,56278,56160,56131,56089
2016-03-05 10:51,3062417,4107553,262824,349530,4528771,428643,602997,139848,137965,814325,58795,58709,58785,74298,58712,58719,58446,58778,58228,58296,58211,58362,58029,58037,57851,57892,57873,57803,57752,57465,57423,57434,57285,57196,57252,57170,56909,56785,56729,56657,56628,56567,56471,56441,56384,56354,56228,56277,56161,56131,56089
2016-03-05 11:08,3062415,4107555,262827,349534,4528772,428645,603002,139854,137965,814324,58796,58709,58785,74298,58712,58719,58446,58779,58228,58296,58211,58364,58029,58038,57849,57892,57873,57803,57752,57464,57424,57435,57285,57196,57252,57170,56909,56785,56730,56657,56628,56567,56471,56441,56382,56354,56228,56278,56161,56131,56089
2016-03-05 11:25,3062419,4107559,262830,349536,4528776,428650,603005,139861,137965,814323,58797,58709,58786,74298,58712,58720,58447,58782,58229,58296,58211,58367,58029,58039,57851,57893,57873,57803,57752,57464,57424,57434,57285,57196,57253,57170,56909,56785,56729,56658,56627,56567,56471,56441,56382,56354,56229,56278,56160,56131,56089
2016-03-05 11:42,3062421,4107561,262831,349536,4528777,428655,603008,139871,137965,814325,58797,58709,58787,74298,58713,58721,58448,58787,58229,58296,58210,58368,58029,58039,57851,57894,57874,57804,57752,57463,57424,57434,57285,57196,57254,57170,56909,56785,56729,56659,56627,56568,56471,56441,56382,56354,56229,56278,56160,56131,56089
2016-03-05 11:59,3062423,4107561,262834,349539,4528781,428656,603009,139876,137965,814326,58796,58708,58787,74298,58713,58721,58449,58789,58229,58296,58211,58369,58029,58038,57852,57894,57874,57805,57752,57463,57424,57437,57285,57196,57254,57170,56909,56785,56730,56658,56627,56568,56471,56442,56382,56354,56229,56278,56160,56131,56089
2016-03-05 12:15,3062428,4107565,262834,349538,4528781,428657,603013,139881,137964,814326,58796,58708,58789,74298,58713,58720,58449,58790,58229,58296,58211,58370,58029,58038,57852,57894,57874,57805,57752,57463,57424,57437,57285,57196,57253,57170,56910,56785,56731,56658,56628,56568,56471,56442,56381,56354,56229,56278,56160,56131,56090
2016-03-05 12:32,3062433,4107565,262836,349545,4528786,428660,603019,139882,137963,814329,58797,58708,58790,74298,58713,58719,58449,58795,58229,58297,58211,58372,58028,58038,57852,57893,57874,57805,57752,57463,57425,57437,57285,57197,57253,57170,56910,56785,56731,56658,56628,56568,56472,56442,56381,56354,56229,56278,56160,56130,56090
2016-03-05 12:49,3062433,4107564,262840,349544,4528787,428663,603019,139888,137963,814331,58797,58708,58789,74298,58711,58720,58449,58797,58229,58297,58213,58373,58028,58038,57851,57893,57875,57805,57753,57463,57425,57436,57285,57197,57254,57170,56911,56785,56731,56658,56628,56568,56472,56442,56381,56354,56229,56278,56160,56130,56090
2016-03-05 13:06,3062437,4107564,262838,349545,4528789,428667,603018,139896,137963,814333,58797,58708,58789,74299,58711,58720,58449,58802,58229,58297,58213,58373,58028,58041,57853,57894,57875,57806,57753,57463,57425,57438,57286,57197,57253,57171,56911,56785,56733,56658,56628,56568,56472,56443,56381,56354,56229,56278,56160,56130,56090
2016-03-05 13:23,3062435,4107563,262837,349545,4528790,428668,603024,139900,137963,814343,58797,58708,58789,74299,58712,58720,58449,58805,58231,58297,58213,58373,58029,58043,57852,57894,57876,57806,57753,57463,57425,57440,57287,57196,57255,57171,56911,56783,56733,56658,56628,56568,56473,56443,56381,56354,56230,56278,56160,56131,56090
2016-03-05 13:40,3062436,4107569,262837,349547,4528792,428674,603029,139910,137964,814349,58797,58708,58789,74300,58713,58720,58449,58806,58231,58297,58213,58375,58030,58045,57854,57894,57877,57806,57752,57463,57425,57441,57287,57196,57255,57171,56911,56784,56734,56658,56628,56568,56473,56443,56381,56354,56230,56280,56160,56131,56090
2016-03-05 13:57,3062445,4107570,262839,349549,4528798,428678,603035,139916,137964,814356,58797,58708,58789,74299,58713,58720,58449,58810,58232,58297,58213,58375,58030,58046,57853,57893,57877,57806,57752,57461,57425,57445,57287,57197,57254,57171,56911,56784,56737,56658,56628,56568,56475,56443,56380,56353,56230,56280,56160,56131,56090
2016-03-05 14:13,3062445,4107571,262839,349548,4528805,428679,603041,139925,137964,814349,58798,58708,58790,74300,58712,58720,58449,58812,58233,58297,58213,58376,58031,58046,57852,57894,57875,57806,57753,57461,57425,57448,57287,57199,57254,57169,56914,56785,56737,56658,56628,56568,56475,56443,56380,56353,56230,56280,56161,56131,56090
2016-03-05 14:30,3062441,4107570,262839,349549,4528810,428683,603051,139929,137964,814356,58800,58708,58791,74299,58712,58720,58451,58813,58233,58297,58213,58377,58031,58048,57851,57893,57874,57806,57755,57462,57426,57447,57287,57199,57254,57169,56917,56787,56737,56658,56628,56568,56475,56443,56380,56354,56230,56280,56160,56133,56092
2016-03-05 14:47,3062446,4107574,262839,349549,4528817,428685,603054,139933,137964,814354,58800,58707,58791,74299,58712,58720,58452,58813,58234,58298,58213,58379,58031,58049,57852,57892,57874,57806,57755,57462,57427,57451,57287,57199,57254,57169,56918,56787,56736,56659,56628,56569,56474,56444,56380,56354,56230,56281,56160,56133,56092
2016-03-05 15:04,3062453,4107575,262840,349550,4528823,428691,603058,139943,137965,814360,58800,58708,58790,74299,58714,58721,58452,58815,58233,58298,58213,58380,58031,58051,57853,57891,57874,57807,57756,57462,57427,57450,57287,57200,57255,57170,56919,56788,56737,56658,56627,56570,56475,56445,56381,56354,56229,56281,56159,56133,56093
2016-03-05 15:21,3062454,4107585,262841,349553,4528835,428697,603066,139946,137965,814360,58801,58709,58791,74299,58713,58721,58453,58818,58233,58298,58213,58383,58031,58053,57854,57891,57875,57807,57756,57462,57427,57452,57287,57200,57256,57170,56921,56787,56736,56657,56628,56570,56474,56445,56378,56355,56229,56282,56159,56134,56093
2016-03-05 15:38,3062455,4107584,262847,349554,4528839,428701,603069,139953,137967,814361,58801,58709,58792,74300,58713,58721,58454,58822,58232,58299,58213,58386,58031,58055,57856,57891,57875,57807,57757,57462,57426,57453,57287,57201,57256,57170,56921,56788,56736,56657,56631,56570,56474,56445,56379,56356,56228,56283,56159,56133,56093
2016-03-05 15:55,3062458,4107584,262852,349558,4528850,428707,603072,139958,137968,814365,58802,58709,58794,74301,58712,58721,58454,58826,58232,58298,58213,58388,58032,58057,57855,57891,57873,57807,57758,57462,57426,57452,57286,57201,57257,57170,56921,56789,56735,56657,56633,56570,56475,56445,56379,56356,56228,56283,56159,56133,56095
2016-03-05 16:11,3062469,4107588,262854,349560,4528856,428710,603074,139966,137968,814374,58802,58709,58796,74302,58713,58720,58455,58829,58231,58299,58214,58391,58032,58056,57857,57893,57873,57807,57759,57462,57426,57454,57286,57202,57257,57170,56920,56789,56735,56657,56633,56571,56475,56446,56379,56356,56228,56284,56159,56133,56094
2016-03-05 16:28,3062476,4107590,262851,349562,4528856,428719,603082,139971,137969,814379,58802,58710,58797,74303,58716,58720,58455,58834,58231,58298,58215,58396,58033,58056,57857,57893,57873,57808,57759,57462,57427,57456,57286,57202,57257,57170,56920,56789,56735,56658,56634,56572,56475,56446,56379,56356,56228,56285,56159,56133,56092
2016-03-05 16:45,3062482,4107592,262852,349564,4528867,428723,603088,139984,137969,814383,58802,58710,58799,74303,58716,58721,58455,58836,58230,58301,58215,58397,58033,58056,57858,57891,57874,57809,57759,57462,57427,57459,57286,57202,57258,57171,56921,56790,56735,56657,56636,56573,56476,56446,56379,56354,56228,56285,56160,56133,56092
2016-03-05 17:02,3062489,4107593,262854,349566,4528882,428729,603092,139993,137969,814388,58801,58711,58801,74305,58717,58721,58455,58839,58231,58301,58215,58399,58034,58056,57856,57892,57875,57808,57760,57463,57428,57460,57286,57205,57259,57172,56922,56791,56734,56657,56639,56573,56476,56446,56379,56354,56228,56286,56160,56133,56092
2016-03-05 17:19,3062503,4107596,262857,349568,4528894,428734,603098,140026,137968,814395,58801,58711,58802,74305,58717,58721,58455,58839,58231,58302,58214,58402,58034,58057,57856,57893,57874,57809,57760,57463,57428,57466,57286,57207,57260,57172,56922,56791,56733,56657,56640,56573,56476,56446,56379,56354,56230,56286,56160,56132,56092
2016-03-05 17:36,3062512,4107600,262854,349571,4528902,428736,603106,140041,137969,814399,58803,58711,58804,74308,58717,58720,58455,58842,58231,58302,58214,58403,58035,58058,57856,57893,57877,57809,57761,57464,57428,57469,57286,57207,57260,57172,56922,56793,56733,56657,56642,56573,56475,56447,56379,56354,56230,56285,56160,56132,56092
2016-03-05 17:52,3062524,4107603,262857,349573,4528906,428739,603115,140047,137969,814400,58804,58711,58805,74309,58718,58722,58455,58842,58232,58302,58215,58403,58035,58057,57856,57894,57876,57808,57761,57464,57429,57468,57286,57209,57260,57172,56923,56794,56733,56658,56643,56573,56476,56447,56379,56354,56231,56286,56160,56132,56092
2016-03-05 18:09,3062538,4107607,262858,349576,4528916,428742,603125,140058,137969,814404,58804,58711,58805,74310,58720,58722,58455,58844,58233,58304,58215,58407,58035,58059,57855,57892,57876,57808,57764,57463,57430,57470,57286,57210,57259,57172,56923,56796,56733,56658,56644,56573,56476,56447,56379,56354,56231,56287,56160,56133,56093
2016-03-05 18:26,3062545,4107604,262861,349578,4528916,428745,603133,140070,137970,814412,58804,58711,58805,74311,58721,58723,58454,58846,58234,58304,58215,58409,58035,58061,57858,57894,57878,57808,57764,57463,57430,57469,57286,57211,57259,57172,56924,56796,56733,56657,56645,56572,56475,56447,56379,56354,56231,56288,56161,56133,56093
2016-03-05 18:43,3062553,4107613,262861,349576,4528930,428749,603139,140078,137969,814417,58804,58712,58806,74313,58724,58723,58456,58848,58237,58304,58214,58410,58033,58062,57856,57896,57878,57807,57764,57464,57430,57470,57287,57211,57261,57173,56924,56796,56734,56658,56646,56572,56476,56447,56379,56354,56231,56288,56161,56136,56092
2016-03-05 19:00,3062564,4107617,262865,349577,4528935,428749,603149,140088,137967,814417,58805,58712,58807,74313,58725,58723,58457,58849,58238,58306,58214,58410,58035,58062,57857,57896,57878,57807,57767,57464,57432,57471,57286,57210,57261,57173,56927,56797,56736,56658,56646,56572,56478,56447,56379,56354,56230,56287,56161,56137,56092
2016-03-05 19:17,3062578,4107619,262866,349580,4528942,428750,603156,140099,137967,814422,58807,58712,58806,74314,58726,58724,58457,58852,58238,58305,58215,58415,58036,58061,57860,57899,57879,57807,57766,57464,57433,57471,57286,57213,57261,57173,56927,56798,56737,56657,56646,56572,56478,56447,56380,56355,56230,56287,56161,56139,56093
2016-03-05 19:34,3062590,4107625,262866,349582,4528957,428754,603160,140111,137966,814425,58807,58712,58810,74314,58724,58725,58458,58853,58238,58306,58215,58416,58036,58060,57861,57899,57881,57807,57766,57464,57433,57472,57285,57213,57260,57173,56927,56798,56740,56657,56646,56572,56478,56447,56380,56355,56230,56288,56161,56140,56093
2016-03-05 19:50,3062602,4107631,262870,349585,4528970,428761,603172,140120,137968,814430,58807,58712,58809,74315,58724,58725,58458,58853,58237,58306,58217,58419,58036,58063,57862,57901,57883,57807,57766,57464,57432,57473,57285,57212,57261,57175,56928,56797,56740,56657,56647,56572,56477,56447,56381,56355,56229,56288,56161,56140,56093
2016-03-05 20:07,3062618,4107628,262871,349587,4528979,428763,603176,140135,137970,814434,58807,58712,58812,74316,58725,58726,58458,58855,58236,58306,58218,58420,58035,58066,57863,57901,57883,57807,57766,57462,57432,57474,57285,57213,57261,57175,56930,56797,56740,56657,56648,56573,56479,56447,56381,56354,56229,56288,56161,56142,56093
2016-03-05 20:24,3062633,4107632,262875,349592,4528975,428760,603180,140155,137972,814436,58807,58712,58810,74317,58727,58727,58458,58857,58233,58308,58218,58420,58035,58067,57864,57900,57884,57807,57766,57463,57432,57476,57285,57213,57262,57174,56932,56797,56741,56658,56650,56573,56478,56447,56381,56354,56229,56288,56161,56142,56094
2016-03-05 20:41,3062644,4107629,262876,349596,4528976,428760,603185,140174,137972,814436,58809,58712,58809,74317,58727,58728,58457,58859,58233,58308,58218,58421,58035,58068,57865,57900,57883,57807,57768,57462,57433,57478,57285,57214,57263,57174,56933,56799,56741,56662,56651,56574,56479,56448,56381,56353,56229,56288,56161,56143,56095
2016-03-05 20:58,3062655,4107629,262878,349596,4528983,428764,603191,140186,137972,814439,58809,58713,58809,74316,58727,58728,58458,58859,58232,58305,58218,58422,58035,58069,57865,57898,57885,57807,57768,57463,57433,57479,57285,57214,57265,57174,56935,56798,56741,56661,56652,56575,56479,56448,56381,56353,56229,56289,56161,56144,56095
2016-03-05 21:15,3062663,4107633,262879,349598,4528990,428765,603203,140199,137973,814443,58809,58713,58806,74315,58727,58729,58458,58861,58233,58305,58219,58426,58036,58068,57863,57901,57885,57807,57768,57462,57433,57479,57285,57214,57268,57173,56934,56798,56742,56661,56652,56574,56478,56448,56381,56353,56230,56293,56161,56145,56096
2016-03-05 21:31,3062680,4107636,262880,349604,4528998,428772,603208,140213,137974,814454,58809,58713,58806,74316,58727,58730,58458,58864,58232,58307,58220,58428,58037,58072,57863,57902,57886,57807,57770,57463,57434,57479,57286,57215,57269,57172,56934,56799,56742,56663,56653,56575,56478,56448,56381,56353,56230,56293,56161,56146,56096
2016-03-05 21:48,3062689,4107639,262884,349606,4529002,428777,603214,140221,137975,814459,58810,58713,58806,74316,58729,58729,58458,58868,58230,58307,58219,58429,58038,58074,57862,57899,57889,57808,57775,57463,57433,57482,57287,57215,57269,57173,56936,56799,56744,56663,56654,56575,56480,56448,56381,56353,56231,56295,56161,56146,56096
2016-03-05 22:05,3062703,4107639,262886,349610,4529014,428781,603221,140244,137974,814455,58812,58713,58806,74316,58732,58730,58459,58869,58232,58311,58219,58434,58040,58076,57863,57900,57888,57808,57780,57464,57434,57483,57287,57216,57272,57172,56936,56800,56746,56664,56654,56575,56479,56448,56382,56354,56231,56294,56161,56147,56097
2016-03-05 22:22,3062712,4107637,262887,349616,4529015,428787,603233,140260,137974,814460,58812,58713,58806,74315,58734,58730,58458,58871,58233,58312,58221,58437,58040,58077,57863,57897,57888,57808,57785,57464,57434,57483,57288,57217,57272,57172,56939,56801,56747,56663,56656,56575,56480,56448,56383,56354,56231,56295,56161,56147,56098
2016-03-05 22:39,3062721,4107646,262892,349619,4529021,428791,603242,140277,137975,814471,58813,58713,58805,74315,58735,58730,58459,58872,58233,58313,58221,58440,58039,58077,57862,57897,57888,57810,57787,57463,57435,57486,57287,57216,57271,57171,56939,56801,56748,56662,56657,56575,56480,56448,56383,56354,56231,56294,56161,56148,56098
2016-03-05 22:56,3062723,4107637,262890,349620,4529032,428798,603244,140288,137976,814468,58813,58713,58805,74315,58734,58729,58459,58876,58232,58315,58222,58441,58039,58080,57862,57896,57889,57811,57791,57464,57435,57486,57288,57217,57272,57171,56940,56803,56748,56663,56659,56574,56480,56448,56384,56354,56230,56294,56161,56149,56098
2016-03-05 23:12,3062738,4107631,262891,349620,4529033,428802,603253,140309,137975,814463,58814,58713,58805,74313,58735,58728,58459,58877,58234,58317,58223,58443,58039,58080,57863,57897,57890,57811,57795,57465,57436,57487,57288,57218,57273,57171,56940,56803,56749,56663,56659,56574,56480,56447,56385,56353,56230,56294,56161,56150,56098
2016-03-05 23:29,3062755,4107633,262893,349625,4529041,428809,603257,140326,137975,814462,58815,58713,58805,74313,58735,58730,58459,58877,58235,58319,58226,58443,58039,58083,57863,57898,57890,57811,57802,57464,57436,57490,57288,57218,57273,57172,56941,56806,56749,56663,56660,56574,56480,56447,56385,56353,56230,56295,56161,56151,56099
2016-03-05 23:46,3062764,4107636,262891,349624,4529049,428812,603267,140340,137975,814465,58814,58714,58805,74312,58734,58729,58460,58877,58235,58319,58226,58447,58040,58088,57863,57897,57891,57810,57804,57464,57437,57490,57288,57217,57274,57172,56942,56807,56750,56664,56659,56575,56480,56447,56384,56353,56230,56294,56160,56150,56100
2016-03-06 00:03,3062784,4107649,262894,349631,4529063,428817,603273,140352,137977,814471,58817,58714,58808,74312,58735,58729,58460,58878,58235,58318,58227,58449,58040,58090,57864,57897,57891,57810,57805,57464,57437,57493,57288,57217,57274,57172,56942,56807,56750,56664,56659,56576,56481,56447,56384,56351,56230,56294,56160,56150,56099
2016-03-06 00:20,3062795,4107651,262900,349640,4529063,428820,603278,140379,137977,814469,58816,58714,58809,74312,58736,58729,58460,58878,58235,58318,58228,58452,58042,58092,57865,57894,57892,57810,57805,57464,57437,57492,57289,57217,57275,57171,56944,56807,56751,56664,56659,56577,56480,56447,56383,56351,56230,56295,56160,56150,56099
2016-03-06 00:37,3062815,4107647,262903,349642,4529066,428826,603279,140402,137977,814474,58818,58714,58809,74311,58737,58731,58460,58877,58234,58319,58228,58453,58042,58100,57864,57894,57892,57810,57809,57461,57437,57495,57289,57218,57275,57172,56942,56807,56753,56663,56659,56578,56480,56446,56385,56351,56230,56295,56160,56150,56100
2016-03-06 00:54,3062827,4107652,262904,349642,4529064,428830,603287,140428,137977,814477,58819,58714,58810,74310,58735,58731,58460,58881,58235,58319,58229,58454,58042,58104,57864,57895,57893,57811,57811,57462,57437,57495,57288,57219,57275,57171,56943,56808,56753,56662,56659,56579,56480,56446,56386,56351,56230,56295,56159,56151,56100
2016-03-06 01:10,3062835,4107647,262904,349647,4529070,428835,603295,140449,137977,814472,58820,58714,58810,74311,58736,58731,58461,58882,58236,58318,58229,58457,58043,58111,57864,57894,57894,57810,57815,57461,57435,57496,57288,57221,57275,57173,56944,56808,56752,56662,56661,56579,56481,56447,56386,56351,56230,56294,56157,56151,56101
2016-03-06 01:27,3062844,4107646,262905,349653,4529081,428842,603302,140464,137977,814476,58820,58714,58811,74312,58739,58731,58462,58885,58234,58321,58230,58458,58044,58115,57864,57893,57894,57810,57817,57461,57435,57497,57288,57222,57274,57174,56944,56809,56753,56664,56662,56579,56481,56447,56386,56351,56230,56295,56157,56152,56101
2016-03-06 01:44,3062852,4107649,262909,349655,4529087,428845,603308,140482,137978,814479,58819,58714,58815,74312,58740,58731,58462,58888,58233,58321,58230,58459,58045,58116,57863,57892,57894,57810,57820,57461,57435,57497,57288,57222,57274,57174,56945,56810,56753,56667,56662,56578,56482,56447,56386,56351,56230,56295,56159,56152,56101
2016-03-06 02:01,3062865,4107646,262914,349659,4529093,428853,603316,140500,137978,814481,58819,58716,58815,74312,58740,58732,58462,58891,58231,58320,58230,58459,58045,58121,57863,57891,57894,57810,57827,57460,57435,57498,57288,57222,57271,57174,56945,56812,56753,56667,56662,56579,56483,56447,56386,56351,56230,56295,56160,56152,56102
2016-03-06 02:18,3062879,4107650,262911,349658,4529097,428858,603326,140517,137979,814482,58819,58716,58817,74311,58739,58733,58462,58891,58232,58319,58231,58462,58046,58121,57860,57890,57894,57811,57836,57459,57435,57499,57288,57222,57270,57174,56946,56812,56752,56666,56662,56579,56484,56448,56386,56351,56230,56295,56159,56152,56102
2016-03-06 02:31,3062893,4107653,262916,349658,4529103,428862,603330,140535,137980,814488,58822,58717,58817,74313,58739,58733,58462,58894,58230,58319,58229,58466,58047,58126,57860,57890,57894,57811,57841,57458,57435,57499,57288,57222,57272,57175,56946,56812,56753,56668,56663,56580,56484,56448,56386,56352,56229,56297,56159,56152,56102
2016-03-06 02:48,3062899,4107650,262916,349661,4529111,428867,603334,140551,137977,814498,58824,58718,58819,74313,58740,58733,58462,58897,58229,58320,58229,58466,58048,58126,57860,57888,57893,57812,57847,57458,57434,57502,57288,57222,57273,57175,56946,56811,56754,56668,56664,56581,56485,56448,56386,56353,56229,56298,56159,56152,56102
2016-03-06 03:04,3062913,4107649,262918,349662,4529112,428873,603342,140578,137979,814498,58824,58718,58820,74313,58741,58733,58462,58899,58227,58319,58229,58470,58049,58128,57858,57884,57894,57812,57851,57458,57436,57502,57288,57225,57273,57175,56946,56813,56754,56668,56665,56581,56484,56448,56386,56353,56230,56296,56159,56153,56103
2016-03-06 03:21,3062922,4107651,262918,349666,4529119,428878,603348,140595,137980,814499,58826,58717,58819,74314,58742,58734,58462,58901,58227,58320,58229,58471,58049,58130,57858,57883,57894,57812,57855,57457,57435,57502,57288,57225,57274,57175,56947,56813,56754,56668,56665,56581,56485,56448,56385,56353,56231,56296,56159,56154,56104
2016-03-06 03:38,3062937,4107652,262920,349671,4529127,428884,603352,140613,137980,814499,58826,58717,58818,74314,58741,58734,58462,58901,58227,58320,58230,58473,58050,58132,57858,57884,57895,57812,57860,57457,57436,57502,57288,57225,57275,57174,56947,56816,56754,56668,56665,56582,56485,56448,56386,56353,56231,56297,56159,56154,56104
2016-03-06 03:55,3062954,4107654,262925,349676,4529141,428890,603357,140625,137979,814506,58826,58717,58819,74316,58741,58734,58462,58902,58226,58321,58229,58476,58049,58135,57859,57883,57897,57812,57864,57454,57436,57502,57287,57226,57277,57174,56949,56816,56754,56670,56665,56583,56485,56448,56387,56353,56231,56297,56159,56155,56104
2016-03-06 04:12,3062964,4107654,262925,349679,4529146,428898,603364,140635,137979,814510,58827,58716,58821,74316,58740,58735,58461,58901,58226,58324,58231,58478,58049,58139,57859,57881,57897,57813,57871,57456,57437,57502,57287,57227,57279,57174,56953,56816,56755,56669,56667,56584,56485,56448,56386,56353,56231,56297,56158,56155,56104
2016-03-06 04:29,3062980,4107661,262928,349684,4529156,428900,603374,140647,137979,814514,58828,58716,58820,74317,58741,58735,58461,58902,58226,58324,58231,58478,58049,58142,57859,57882,57898,57812,57878,57455,57437,57502,57287,57229,57279,57176,56954,56816,56755,56669,56668,56585,56484,56448,56385,56354,56231,56298,56158,56156,56106
2016-03-06 04:46,3062988,4107661,262928,349688,4529162,428906,603387,140652,137978,814525,58828,58718,58820,74318,58741,58735,58460,58905,58226,58325,58231,58482,58051,58142,57857,57883,57898,57812,57883,57455,57437,57502,57287,57230,57279,57177,56957,56816,56756,56669,56668,56586,56485,56447,56385,56354,56231,56298,56158,56157,56106
2016-03-06 05:02,3062992,4107659,262927,349689,4529166,428908,603387,140657,137978,814526,58829,58719,58818,74319,58743,58737,58460,58907,58226,58325,58232,58483,58051,58142,57857,57884,57898,57812,57888,57455,57437,57502,57287,57230,57279,57177,56957,56817,56756,56669,56668,56585,56485,56447,56387,56354,56232,56299,56156,56157,56106
2016-03-06 05:19,3062999,4107663,262929,349693,4529170,428910,603395,140667,137977,814532,58830,58718,58818,74320,58743,58738,58460,58906,58226,58325,58231,58486,58050,58143,57858,57884,57898,57812,57903,57455,57437,57502,57288,57229,57279,57178,56958,56817,56755,56670,56667,56584,56485,56447,56387,56355,56232,56299,56156,56157,56107
2016-03-06 05:36,3063002,4107667,262934,349695,4529172,428911,603405,140675,137978,814537,58829,58718,58820,74321,58742,58738,58460,58910,58225,58327,58230,58487,58051,58145,57860,57882,57897,57813,57908,57453,57437,57502,57288,57230,57279,57178,56959,56818,56755,56671,56668,56584,56486,56447,56388,56355,56232,56300,56156,56157,56108
2016-03-06 05:53,3063011,4107671,262935,349698,4529180,428915,603413,140682,137979,814541,58830,58718,58822,74321,58743,58739,58461,58913,58222,58326,58232,58489,58052,58148,57860,57883,57897,57814,57910,57453,57437,57502,57288,57230,57279,57178,56960,56817,56755,56670,56668,56584,56486,56446,56388,56355,56233,56301,56156,56158,56108
2016-03-06 06:10,3063023,4107673,262932,349702,4529187,428914,603418,140689,137979,814553,58830,58718,58822,74321,58743,58739,58461,58912,58222,58326,58232,58490,58053,58147,57860,57883,57898,57814,57921,57453,57437,57502,57288,57230,57279,57179,56962,56816,56755,56670,56669,56584,56486,56446,56388,56355,56233,56303,56156,56157,56108
2016-03-06 06:27,3063039,4107684,262935,349706,4529196,428921,603427,140701,137980,814555,58829,58719,58824,74320,58744,58740,58461,58912,58222,58326,58233,58490,58054,58148,57861,57882,57898,57814,57926,57453,57437,57502,57287,57230,57280,57179,56963,56815,56755,56670,56669,56584,56486,56446,56388,56355,56233,56304,56156,56158,56110
2016-03-06 06:44,3063040,4107685,262938,349707,4529202,428927,603427,140709,137979,814553,58829,58720,58825,74320,58740,58741,58460,58912,58223,58329,58233,58491,58054,58148,57860,57882,57901,57815,57926,57453,57437,57503,57287,57230,57282,57179,56963,56816,56755,56670,56669,56584,56486,56446,56388,56355,56233,56305,56156,56161,56111
2016-03-06 07:00,3063040,4107688,262943,349709,4529212,428936,603435,140725,137980,814559,58829,58720,58828,74321,58741,58741,58460,58914,58223,58330,58233,58494,58055,58149,57861,57881,57901,57815,57926,57453,57437,57502,57287,57232,57283,57180,56964,56818,56755,56670,56670,56584,56486,56446,56388,56356,56233,56305,56155,56161,56113
2016-03-06 07:17,3063051,4107693,262943,349710,4529216,428937,603442,140732,137984,814567,58830,58720,58829,74323,58742,58740,58461,58912,58223,58332,58234,58495,58055,58150,57863,57881,57901,57816,57931,57454,57437,57501,57286,57232,57284,57182,56965,56818,56755,56671,56670,56585,56488,56445,56388,56357,56233,56307,56155,56161,56114
2016-03-06 07:34,3063055,4107691,262946,349710,4529221,428941,603451,140739,137985,814572,58831,58721,58830,74324,58742,58741,58461,58913,58223,58333,58234,58494,58055,58151,57863,57882,57901,57817,57932,57455,57437,57502,57286,57232,57285,57182,56966,56818,56755,56671,56670,56585,56490,56445,56388,56358,56234,56308,56155,56161,56114
2016-03-06 07:51,3063063,4107692,262947,349711,4529223,428946,603456,140742,137988,814577,58832,58721,58832,74324,58744,58742,58461,58915,58223,58333,58234,58495,58054,58151,57862,57883,57901,57817,57934,57455,57438,57502,57286,57232,57285,57181,56966,56818,56754,56670,56670,56585,56490,56445,56388,56358,56234,56307,56155,56161,56113
2016-03-06 08:08,3063072,4107691,262949,349712,4529222,428947,603461,140746,137991,814581,58830,58721,58831,74324,58747,58742,58461,58916,58223,58335,58233,58497,58055,58151,57862,57881,57901,57816,57935,57455,57438,57504,57285,57232,57285,57182,56966,56819,56754,56670,56670,56585,56490,56445,56388,56359,56234,56306,56158,56163,56115
2016-03-06 08:25,3063080,4107693,262948,349713,4529228,428949,603463,140757,137992,814587,58831,58721,58831,74325,58748,58742,58461,58917,58223,58334,58233,58497,58055,58153,57863,57879,57901,57816,57940,57455,57438,57504,57285,57233,57285,57182,56966,56819,56754,56670,56672,56585,56490,56445,56388,56359,56234,56307,56158,56164,56115
2016-03-06 08:42,3063082,4107694,262945,349717,4529228,428955,603468,140763,137992,814590,58831,58721,58831,74326,58750,58742,58464,58916,58223,58334,58234,58496,58055,58154,57861,57878,57901,57816,57940,57454,57438,57505,57285,57233,57285,57182,56970,56820,56754,56671,56671,56585,56490,56445,56388,56359,56234,56308,56158,56165,56115
2016-03-06 08:58,3063094,4107697,262948,349717,4529235,428958,603480,140769,137992,814591,58831,58721,58832,74327,58750,58742,58464,58919,58223,58334,58234,58498,58055,58155,57862,57877,57902,57816,57941,57453,57438,57505,57286,57233,57286,57182,56970,56822,56756,56671,56671,56585,56492,56445,56388,56359,56233,56308,56158,56165,56116
2016-03-06 09:16,3063100,4107696,262946,349717,4529231,428962,603485,140778,137992,814594,58831,58720,58833,74328,58751,58744,58464,58921,58223,58334,58234,58503,58056,58156,57863,57879,57903,57816,57943,57453,57438,57505,57286,57233,57285,57183,56971,56822,56756,56672,56671,56585,56493,56445,56388,56359,56232,56309,56158,56165,56116
2016-03-06 09:33,3063104,4107701,262949,349720,4529237,428965,603487,140779,137993,814598,58832,58721,58834,74329,58751,58745,58464,58923,58224,58334,58235,58504,58056,58156,57864,57877,57902,57816,57945,57451,57438,57506,57286,57233,57287,57182,56971,56822,56756,56672,56671,56585,56493,56445,56388,56359,56232,56309,56158,56165,56117
2016-03-06 09:49,3063108,4107703,262949,349720,4529238,428968,603487,140782,137993,814605,58832,58721,58835,74329,58751,58745,58463,58923,58224,58334,58236,58508,58058,58156,57866,57877,57903,57816,57944,57451,57438,57506,57286,57234,57287,57184,56971,56823,56757,56671,56672,56586,56493,56445,56388,56359,56234,56309,56158,56165,56118
2016-03-06 10:06,3063113,4107706,262950,349722,4529244,428969,603490,140786,137992,814612,58833,58721,58836,74329,58752,58747,58464,58929,58224,58336,58236,58509,58059,58157,57867,57877,57903,57816,57944,57451,57438,57506,57286,57233,57287,57184,56973,56823,56757,56670,56673,56586,56495,56445,56388,56359,56234,56310,56158,56166,56118
2016-03-06 10:23,3063121,4107710,262951,349727,4529247,428972,603496,140795,137993,814615,58833,58721,58836,74329,58752,58747,58465,58930,58224,58336,58237,58509,58061,58158,57866,57877,57903,57817,57946,57452,57440,57505,57286,57233,57288,57184,56973,56823,56758,56670,56673,56588,56496,56445,56389,56359,56234,56310,56158,56166,56117
2016-03-06 10:40,3063122,4107708,262951,349728,4529246,428973,603498,140800,137994,814619,58835,58720,58836,74329,58752,58747,58465,58932,58225,58337,58237,58508,58061,58158,57865,57877,57904,57817,57951,57453,57441,57505,57286,57233,57287,57185,56973,56824,56758,56670,56673,56588,56496,56445,56388,56359,56234,56310,56158,56167,56118
2016-03-06 10:57,3063127,4107705,262957,349729,4529256,428974,603499,140801,137995,814620,58835,58720,58838,74329,58752,58746,58465,58933,58225,58337,58237,58508,58061,58158,57866,57876,57904,57817,57951,57453,57441,57505,57286,57232,57288,57185,56973,56824,56759,56670,56674,56588,56496,56445,56388,56359,56234,56310,56158,56167,56118
2016-03-06 11:14,3063126,4107704,262957,349730,4529258,428979,603504,140809,137996,814620,58837,58720,58837,74330,58752,58746,58466,58934,58226,58337,58237,58510,58061,58159,57866,57876,57904,57817,57951,57452,57441,57506,57286,57233,57287,57184,56973,56824,56759,56670,56675,56588,56496,56445,56388,56359,56234,56310,56159,56167,56119
2016-03-06 11:30,3063128,4107705,262958,349729,4529259,428983,603506,140816,138002,814620,58837,58723,58837,74330,58754,58746,58468,58940,58227,58338,58237,58511,58062,58160,57866,57877,57905,57817,57951,57452,57441,57509,57287,57234,57286,57185,56973,56824,56760,56670,56675,56588,56495,56445,56388,56359,56235,56311,56159,56168,56119
2016-03-06 11:47,3063127,4107704,262960,349731,4529254,428987,603507,140824,138010,814619,58837,58724,58836,74330,58754,58746,58468,58942,58227,58338,58238,58513,58062,58162,57865,57877,57906,57817,57951,57451,57441,57510,57286,57234,57288,57185,56971,56823,56760,56671,56676,56588,56495,56446,56388,56359,56236,56311,56159,56168,56119
2016-03-06 12:04,3063133,4107706,262963,349733,4529256,428989,603507,140830,138018,814621,58837,58724,58836,74330,58755,58746,58468,58943,58227,58338,58238,58512,58061,58163,57865,57878,57906,57817,57952,57451,57441,57513,57286,57234,57288,57185,56972,56823,56760,56671,56676,56588,56495,56446,56387,56359,56236,56310,56160,56168,56119
2016-03-06 12:21,3063133,4107707,262963,349735,4529257,428992,603510,140834,138022,814620,58837,58724,58836,74331,58755,58746,58469,58950,58227,58338,58238,58515,58061,58164,57865,57878,57906,57817,57955,57451,57441,57513,57286,57234,57288,57185,56972,56823,56760,56672,56677,56589,56496,56446,56387,56359,56236,56310,56160,56169,56119
2016-03-06 12:38,3063139,4107708,262965,349736,4529258,428996,603512,140840,138028,814622,58836,58725,58836,74332,58755,58747,58468,58950,58228,58339,58237,58515,58061,58163,57864,57877,57907,57817,57957,57452,57442,57515,57286,57235,57288,57185,56973,56824,56759,56672,56677,56588,56495,56446,56387,56359,56236,56311,56161,56169,56121
2016-03-06 12:55,3063143,4107708,262966,349737,4529263,429002,603517,140845,138030,814624,58836,58725,58835,74333,58755,58746,58469,58953,58229,58339,58239,58517,58062,58164,57864,57876,57907,57817,57957,57452,57442,57515,57286,57236,57289,57186,56974,56824,56759,56672,56677,56587,56496,56446,56387,56359,56236,56311,56161,56169,56121
2016-03-06 13:12,3063145,4107709,262967,349738,4529264,429001,603522,140853,138033,814623,58837,58725,58835,74333,58755,58746,58469,58954,58229,58339,58240,58518,58062,58164,57863,57875,57907,57817,57958,57452,57442,57515,57286,57236,57290,57186,56975,56824,56759,56672,56677,56587,56496,56446,56388,56359,56236,56311,56162,56170,56123
2016-03-06 13:28,3063149,4107712,262971,349740,4529272,429004,603526,140862,138038,814629,58837,58725,58835,74336,58754,58746,58470,58956,58228,58339,58242,58520,58062,58165,57864,57875,57907,57817,57958,57452,57442,57515,57286,57238,57289,57186,56975,56824,56760,56671,56678,56587,56498,56446,56388,56359,56236,56310,56162,56170,56122
2016-03-06 13:45,3063157,4107714,262973,349737,4529277,429005,603529,140869,138041,814632,58838,58725,58837,74337,58755,58745,58471,58956,58229,58340,58242,58521,58063,58171,57865,57873,57907,57817,57959,57452,57442,57515,57286,57237,57289,57186,56976,56824,56760,56671,56678,56588,56498,56446,56388,56361,56236,56310,56162,56171,56122
2016-03-06 14:02,3063156,4107710,262975,349737,4529279,429004,603530,140880,138042,814631,58839,58725,58837,74336,58756,58746,58471,58959,58229,58341,58241,58520,58062,58169,57865,57874,57907,57817,57961,57452,57442,57515,57286,57239,57290,57186,56976,56823,56760,56671,56679,56588,56498,56446,56388,56360,56237,56310,56162,56170,56122
2016-03-06 14:19,3063161,4107710,262977,349739,4529281,429009,603537,140888,138048,814633,58839,58725,58836,74337,58756,58746,58472,58959,58229,58342,58241,58522,58062,58169,57864,57876,57907,57817,57965,57452,57442,57518,57286,57239,57290,57187,56977,56823,56761,56671,56679,56588,56499,56446,56388,56360,56237,56310,56162,56171,56122
2016-03-06 14:36,3063159,4107708,262982,349742,4529289,429013,603544,140900,138050,814637,58840,58725,58837,74337,58757,58747,58473,58960,58229,58344,58240,58525,58063,58170,57863,57875,57908,57817,57966,57452,57443,57519,57286,57239,57292,57187,56977,56823,56761,56671,56679,56589,56499,56446,56387,56360,56237,56311,56162,56172,56123
2016-03-06 14:53,3063169,4107710,262984,349746,4529302,429017,603547,140911,138051,814643,58841,58725,58838,74337,58758,58747,58474,58961,58228,58344,58241,58524,58064,58171,57862,57874,57908,57817,57970,57452,57442,57521,57286,57239,57291,57187,56978,56824,56759,56671,56679,56589,56499,56446,56387,56360,56237,56312,56162,56173,56124
2016-03-06 15:10,3063172,4107714,262989,349746,4529308,429020,603555,140920,138052,814646,58841,58726,58838,74338,58758,58750,58475,58962,58228,58344,58241,58526,58065,58173,57862,57875,57908,57817,57973,57452,57442,57522,57285,57240,57292,57188,56978,56825,56759,56671,56679,56588,56499,56446,56387,56360,56237,56313,56163,56175,56124
2016-03-06 15:26,3063172,4107718,262993,349750,4529308,429024,603562,140937,138054,814652,58841,58726,58837,74338,58757,58750,58478,58962,58229,58345,58241,58528,58065,58176,57862,57873,57907,57818,57976,57453,57442,57525,57285,57241,57295,57188,56980,56825,56762,56673,56679,56588,56500,56446,56388,56360,56236,56313,56163,56176,56125
2016-03-06 15:43,3063177,4107722,262995,349750,4529315,429023,603564,140945,138057,814657,58841,58726,58835,74341,58757,58753,58478,58966,58230,58345,58240,58528,58065,58175,57861,57874,57908,57818,57977,57453,57441,57529,57285,57243,57295,57188,56982,56825,56761,56673,56680,56588,56500,56446,56387,56360,56236,56312,56163,56176,56126
2016-03-06 16:00,3063187,4107722,263000,349755,4529317,429030,603569,140950,138061,814659,58841,58726,58836,74342,58758,58753,58478,58970,58230,58345,58242,58528,58064,58176,57861,57873,57908,57818,57981,57452,57442,57534,57285,57244,57294,57188,56982,56825,56761,56673,56681,56588,56499,56446,56386,56360,56235,56312,56164,56177,56128
2016-03-06 16:17,3063196,4107725,263001,349759,4529330,429031,603577,140958,138065,814660,58841,58726,58836,74343,58757,58753,58478,58973,58229,58344,58241,58527,58064,58177,57861,57873,57909,57820,57985,57452,57442,57536,57285,57244,57293,57189,56983,56825,56761,56673,56681,56591,56498,56445,56386,56359,56236,56311,56164,56177,56129
2016-03-06 16:34,3063195,4107724,263003,349758,4529335,429032,603589,140977,138067,814663,58843,58727,58836,74345,58756,58753,58478,58974,58228,58344,58241,58529,58066,58177,57861,57872,57908,57821,57986,57452,57443,57537,57285,57246,57294,57189,56983,56825,56763,56674,56682,56593,56500,56445,56386,56359,56237,56310,56166,56179,56130
2016-03-06 16:51,3063208,4107726,263003,349761,4529343,429036,603597,140985,138069,814666,58844,58727,58836,74346,58756,58753,58478,58977,58229,58345,58241,58533,58066,58179,57861,57871,57909,57822,57987,57452,57443,57537,57285,57246,57298,57189,56986,56826,56762,56676,56684,56593,56500,56444,56387,56358,56237,56311,56168,56179,56130
2016-03-06 17:08,3063216,4107728,263010,349765,4529355,429037,603602,140987,138072,814665,58845,58727,58835,74348,58756,58753,58478,58984,58228,58344,58241,58536,58067,58179,57861,57874,57910,57823,57989,57452,57443,57540,57285,57248,57300,57189,56987,56827,56761,56676,56684,56594,56499,56444,56386,56357,56237,56311,56168,56179,56129
2016-03-06 17:25,3063229,4107730,263010,349766,4529360,429039,603607,140992,138076,814674,58846,58726,58836,74350,58757,58755,58478,58986,58226,58344,58240,58537,58067,58179,57863,57873,57908,57823,57991,57451,57443,57540,57284,57250,57301,57191,56989,56827,56762,56675,56684,56595,56499,56444,56386,56357,56236,56312,56168,56180,56130
2016-03-06 17:41,3063230,4107729,263011,349767,4529363,429037,603610,141006,138077,814682,58848,58726,58837,74351,58755,58756,58477,58986,58228,58344,58240,58539,58068,58179,57864,57873,57908,57823,57991,57452,57444,57541,57284,57251,57300,57191,56989,56827,56762,56676,56686,56596,56500,56444,56386,56357,56237,56312,56169,56179,56129
2016-03-06 17:58,3063246,4107729,263013,349773,4529367,429041,603618,141013,138083,814688,58848,58727,58838,74350,58756,58758,58477,58988,58229,58345,58241,58540,58068,58177,57864,57873,57908,57823,57992,57451,57444,57542,57284,57252,57301,57191,56990,56828,56763,56676,56685,56596,56500,56444,56387,56357,56237,56311,56168,56180,56131
2016-03-06 18:15,3063258,4107733,263016,349773,4529370,429045,603625,141019,138087,814689,58850,58727,58840,74350,58756,58758,58477,58987,58229,58346,58244,58540,58068,58179,57865,57872,57908,57824,57994,57451,57444,57543,57284,57252,57301,57193,56990,56829,56763,56676,56685,56596,56499,56444,56387,56357,56238,56313,56168,56183,56133
2016-03-06 18:32,3063272,4107736,263017,349775,4529379,429052,603632,141022,138092,814692,58850,58727,58841,74350,58756,58759,58478,58992,58229,58346,58244,58539,58068,58178,57864,57870,57909,57824,57995,57451,57444,57543,57284,57252,57301,57193,56988,56829,56763,56675,56685,56597,56500,56445,56387,56357,56239,56314,56167,56184,56134
2016-03-06 18:49,3063280,4107739,263016,349781,4529390,429059,603644,141028,138096,814697,58852,58728,58841,74350,58756,58759,58478,58996,58231,58346,58247,58544,58070,58179,57865,57869,57908,57824,57996,57451,57444,57547,57284,57253,57301,57194,56987,56829,56764,56675,56686,56599,56501,56445,56387,56357,56240,56317,56167,56185,56134
2016-03-06 19:06,3063296,4107741,263018,349785,4529395,429062,603659,141034,138096,814695,58854,58729,58844,74350,58756,58760,58478,58995,58228,58347,58248,58544,58070,58181,57866,57865,57909,57825,57996,57450,57444,57547,57284,57255,57303,57194,56987,56829,56763,56675,56686,56599,56499,56445,56387,56357,56240,56316,56169,56186,56134
2016-03-06 19:23,3063302,4107742,263019,349786,4529404,429062,603665,141047,138096,814697,58854,58728,58846,74350,58758,58761,58478,59000,58228,58349,58249,58546,58073,58181,57867,57864,57908,57825,57996,57450,57444,57548,57284,57256,57303,57203,56988,56828,56765,56675,56685,56599,56499,56445,56387,56357,56240,56316,56168,56188,56136
2016-03-06 19:40,3063313,4107743,263022,349789,4529416,429072,603674,141050,138100,814705,58855,58728,58846,74350,58758,58761,58479,58999,58227,58349,58250,58548,58074,58182,57869,57864,57908,57825,57998,57449,57445,57550,57284,57257,57304,57205,56988,56829,56765,56674,56685,56600,56500,56445,56388,56357,56240,56314,56168,56188,56136
2016-03-06 19:57,3063325,4107745,263019,349792,4529419,429074,603685,141059,138100,814714,58858,58727,58846,74350,58759,58762,58480,58999,58226,58350,58249,58551,58075,58181,57866,57866,57910,57825,57998,57449,57446,57551,57284,57259,57305,57209,56988,56832,56765,56674,56687,56601,56500,56445,56387,56357,56240,56312,56168,56188,56137
2016-03-06 20:14,3063338,4107750,263021,349796,4529432,429084,603698,141065,138100,814723,58858,58727,58847,74351,58759,58761,58482,59000,58226,58350,58248,58554,58074,58182,57866,57865,57910,57826,58002,57450,57447,57551,57284,57260,57305,57210,56990,56832,56766,56674,56689,56601,56500,56445,56387,56357,56240,56311,56168,56188,56138
2016-03-06 20:31,3063344,4107757,263020,349798,4529447,429090,603705,141080,138102,814725,58859,58727,58850,74350,58759,58761,58482,59003,58224,58352,58249,58556,58074,58181,57866,57864,57909,57827,58003,57449,57447,57552,57284,57261,57306,57212,56990,56831,56766,56674,56691,56602,56501,56445,56387,56357,56242,56310,56168,56187,56139
2016-03-06 20:47,3063352,4107754,263026,349804,4529457,429098,603707,141086,138102,814729,58861,58727,58851,74350,58758,58761,58483,59004,58224,58352,58249,58559,58074,58184,57865,57864,57909,57827,58003,57449,57448,57554,57285,57263,57305,57213,56990,56832,56766,56674,56693,56604,56501,56446,56387,56356,56243,56311,56168,56186,56138
2016-03-06 21:04,3063362,4107760,263030,349811,4529456,429106,603719,141095,138102,814729,58862,58727,58850,74348,58758,58762,58482,59010,58223,58351,58250,58561,58074,58187,57861,57863,57909,57827,58010,57449,57448,57556,57286,57263,57307,57212,56989,56831,56766,56675,56695,56605,56502,56447,56387,56357,56243,56311,56169,56186,56138
2016-03-06 21:21,3063363,4107764,263032,349810,4529461,429111,603721,141105,138104,814728,58862,58727,58849,74348,58759,58762,58482,59011,58222,58351,58251,58563,58074,58185,57861,57863,57909,57828,58012,57448,57448,57560,57286,57263,57307,57212,56989,56831,56766,56675,56697,56605,56501,56447,56387,56357,56244,56312,56169,56187,56139
2016-03-06 21:38,3063368,4107761,263035,349812,4529466,429115,603733,141113,138107,814731,58863,58727,58850,74349,58761,58762,58483,59011,58220,58351,58252,58565,58074,58183,57862,57863,57908,57829,58015,57447,57448,57561,57286,57264,57310,57214,56991,56832,56767,56675,56697,56608,56501,56447,56387,56357,56244,56313,56169,56188,56139
2016-03-06 21:55,3063371,4107767,263044,349818,4529478,429117,603737,141127,138106,814731,58864,58727,58856,74347,58763,58763,58484,59013,58220,58351,58252,58567,58074,58184,57862,57863,57910,57829,58016,57446,57448,57566,57287,57263,57309,57214,56993,56832,56766,56677,56699,56610,56500,56447,56386,56358,56244,56312,56169,56188,56139
2016-03-06 22:12,3063380,4107769,263056,349826,4529485,429128,603745,141136,138105,814731,58865,58728,58858,74346,58763,58762,58486,59014,58220,58351,58252,58570,58074,58185,57860,57865,57910,57831,58017,57446,57448,57568,57287,57264,57310,57215,56994,56831,56766,56678,56699,56614,56501,56447,56388,56359,56244,56313,56170,56188,56141
2016-03-06 22:29,3063385,4107766,263057,349834,4529486,429135,603748,141143,138105,814728,58866,58728,58858,74347,58767,58762,58487,59019,58220,58352,58252,58571,58074,58187,57860,57864,57911,57831,58018,57445,57448,57567,57287,57264,57311,57216,56995,56830,56765,56680,56699,56616,56501,56446,56390,56359,56244,56314,56170,56188,56141
2016-03-06 22:46,3063400,4107767,263064,349839,4529490,429140,603760,141156,138105,814730,58870,58728,58861,74346,58767,58764,58487,59022,58220,58352,58252,58575,58075,58187,57862,57861,57909,57832,58021,57445,57449,57568,57287,57266,57314,57218,56996,56831,56765,56680,56702,56617,56500,56446,56390,56360,56244,56312,56171,56187,56143
2016-03-06 23:03,3063402,4107768,263066,349845,4529496,429146,603765,141163,138102,814741,58871,58729,58862,74345,58769,58765,58489,59025,58218,58354,58253,58575,58075,58188,57863,57861,57910,57833,58021,57445,57449,57568,57287,57267,57314,57217,56998,56831,56766,56680,56705,56620,56500,56445,56390,56360,56244,56313,56171,56187,56143
2016-03-06 23:19,3063418,4107771,263070,349848,4529507,429149,603771,141173,138106,814749,58875,58732,58864,74344,58770,58764,58487,59029,58216,58355,58253,58579,58075,58188,57864,57858,57908,57833,58022,57445,57450,57569,57287,57268,57315,57220,57000,56831,56770,56683,56706,56620,56500,56447,56390,56360,56243,56313,56171,56187,56144
2016-03-06 23:36,3063425,4107773,263068,349851,4529515,429160,603776,141179,138106,814748,58878,58731,58864,74344,58769,58765,58487,59037,58216,58354,58254,58580,58076,58188,57864,57855,57907,57834,58025,57446,57449,57570,57288,57269,57315,57222,57000,56831,56769,56683,56707,56621,56501,56447,56390,56360,56244,56314,56172,56187,56144
2016-03-06 23:53,3063436,4107774,263066,349859,4529518,429164,603785,141184,138106,814755,58878,58733,58865,74344,58772,58765,58490,59040,58217,58355,58255,58581,58077,58188,57862,57855,57907,57834,58027,57446,57449,57570,57289,57271,57315,57222,57002,56831,56770,56683,56708,56623,56501,56449,56389,56360,56245,56316,56172,56187,56145
2016-03-07 00:10,3063445,4107778,263067,349856,4529527,429171,603795,141192,138108,814761,58879,58733,58867,74343,58772,58765,58490,59042,58218,58356,58255,58581,58078,58187,57862,57855,57906,57834,58026,57445,57449,57571,57289,57271,57314,57223,57003,56831,56770,56682,56708,56625,56500,56449,56389,56360,56245,56317,56172,56187,56146
2016-03-07 00:27,3063463,4107779,263068,349864,4529539,429172,603803,141207,138108,814761,58880,58733,58869,74344,58773,58768,58490,59042,58217,58356,58255,58582,58079,58187,57861,57857,57907,57833,58026,57444,57451,57573,57290,57272,57315,57224,57005,56833,56771,56682,56709,56624,56499,56448,56389,56360,56245,56318,56171,56187,56147
2016-03-07 00:44,3063469,4107782,263068,349864,4529548,429175,603816,141213,138110,814765,58881,58734,58871,74345,58774,58769,58489,59048,58218,58357,58255,58587,58079,58186,57861,57857,57907,57833,58028,57444,57451,57574,57290,57272,57317,57227,57007,56834,56771,56682,56709,56625,56499,56448,56389,56360,56245,56316,56171,56188,56148
2016-03-07 01:00,3063483,4107780,263071,349870,4529552,429180,603826,141226,138115,814771,58881,58734,58872,74345,58773,58770,58490,59052,58219,58359,58254,58587,58081,58188,57863,57859,57908,57833,58029,57444,57451,57574,57290,57272,57317,57228,57007,56835,56772,56682,56710,56627,56500,56449,56389,56360,56245,56318,56170,56188,56150
2016-03-07 01:17,3063489,4107777,263071,349873,4529558,429183,603835,141237,138116,814777,58882,58733,58872,74345,58776,58769,58490,59054,58219,58358,58254,58586,58084,58187,57864,57858,57908,57833,58033,57442,57452,57574,57290,57274,57319,57229,57007,56835,56773,56681,56711,56630,56500,56449,56389,56361,56244,56318,56171,56188,56151
2016-03-07 01:34,3063515,4107779,263074,349884,4529569,429189,603842,141246,138115,814782,58886,58733,58874,74346,58775,58771,58489,59061,58219,58359,58255,58591,58085,58187,57864,57859,57908,57833,58034,57442,57452,57576,57291,57275,57319,57230,57007,56840,56773,56682,56712,56630,56501,56450,56389,56361,56244,56318,56171,56187,56152
2016-03-07 01:51,3063538,4107783,263080,349890,4529571,429197,603848,141254,138113,814783,58889,58733,58875,74344,58773,58772,58490,59067,58218,58359,58254,58592,58085,58186,57866,57860,57906,57833,58037,57443,57453,57576,57291,57278,57318,57231,57007,56841,56772,56683,56713,56630,56501,56450,56388,56361,56244,56318,56171,56187,56153
2016-03-07 02:08,3063564,4107781,263081,349895,4529575,429205,603858,141266,138113,814792,58890,58734,58874,74345,58774,58774,58491,59069,58219,58362,58255,58594,58085,58185,57866,57860,57906,57834,58039,57443,57453,57577,57291,57279,57318,57234,57008,56841,56772,56680,56715,56631,56501,56451,56388,56361,56244,56318,56170,56186,56154
2016-03-07 02:25,3063588,4107780,263082,349903,4529572,429208,603863,141274,138114,814792,58889,58734,58875,74348,58773,58774,58491,59070,58219,58362,58255,58598,58085,58188,57867,57860,57907,57833,58042,57442,57453,57577,57291,57281,57318,57234,57009,56842,56774,56680,56715,56633,56502,56451,56386,56361,56244,56319,56170,56186,56154
2016-03-07 02:42,3063604,4107783,263081,349911,4529584,429214,603873,141281,138117,814794,58890,58734,58874,74347,58774,58775,58491,59071,58219,58363,58254,58601,58086,58188,57867,57859,57906,57833,58041,57443,57453,57578,57291,57281,57319,57234,57009,56842,56774,56680,56716,56632,56502,56451,56388,56360,56245,56320,56171,56187,56155
2016-03-07 02:58,3063618,4107785,263083,349917,4529586,429217,603883,141297,138117,814802,58892,58735,58877,74346,58774,58775,58491,59071,58217,58364,58254,58605,58087,58188,57868,57860,57907,57833,58042,57444,57453,57579,57293,57281,57320,57236,57009,56843,56774,56680,56716,56633,56502,56451,56388,56360,56245,56319,56171,56188,56157
2016-03-07 03:15,3063645,4107787,263084,349922,4529591,429222,603887,141304,138118,814809,58893,58735,58877,74345,58776,58776,58491,59072,58218,58365,58254,58605,58088,58188,57867,57860,57909,57832,58043,57444,57454,57579,57293,57284,57319,57237,57011,56843,56774,56681,56716,56634,56503,56451,56388,56360,56245,56320,56171,56188,56159
2016-03-07 03:32,3063664,4107787,263086,349926,4529598,429219,603901,141311,138118,814817,58893,58735,58878,74343,58776,58778,58492,59075,58218,58366,58255,58610,58088,58188,57868,57859,57910,57833,58043,57444,57454,57580,57293,57284,57319,57239,57013,56843,56775,56681,56717,56635,56502,56451,56387,56360,56245,56320,56171,56188,56162
2016-03-07 03:49,3063686,4107787,263090,349932,4529610,429224,603911,141322,138119,814829,58897,58735,58879,74345,58776,58778,58494,59079,58217,58368,58257,58612,58088,58189,57870,57859,57908,57833,58043,57444,57455,57580,57292,57284,57319,57239,57013,56844,56778,56682,56717,56635,56502,56452,56386,56360,56245,56320,56171,56188,56162
2016-03-07 04:06,3063701,4107793,263090,349934,4529622,429226,603928,141327,138122,814841,58897,58736,58879,74344,58776,58777,58494,59079,58217,58368,58257,58617,58090,58188,57869,57857,57909,57835,58045,57445,57456,57580,57292,57283,57321,57240,57014,56843,56780,56682,56717,56637,56502,56452,56385,56359,56245,56319,56171,56189,56165
2016-03-07 04:23,3063733,4107795,263091,349938,4529629,429235,603929,141331,138123,814845,58896,58736,58877,74345,58773,58775,58495,59083,58218,58370,58257,58619,58091,58187,57870,57856,57909,57836,58047,57444,57456,57580,57292,57283,57322,57241,57015,56842,56779,56681,56718,56636,56501,56453,56385,56359,56244,56320,56171,56189,56167
2016-03-07 04:40,3063742,4107799,263090,349944,4529632,429236,603938,141340,138125,814859,58896,58736,58877,74344,58773,58775,58495,59084,58217,58369,58258,58626,58095,58186,57873,57856,57908,57836,58048,57443,57456,57580,57293,57283,57321,57243,57016,56844,56779,56681,56718,56638,56500,56453,56384,56361,56244,56321,56172,56189,56169
2016-03-07 04:56,3063756,4107803,263094,349953,4529646,429236,603949,141350,138126,814868,58896,58736,58878,74344,58775,58774,58496,59087,58216,58370,58258,58627,58096,58188,57874,57854,57909,57838,58049,57444,57456,57580,57294,57283,57322,57243,57016,56843,56779,56681,56719,56640,56500,56454,56384,56360,56243,56321,56172,56190,56170
2016-03-07 05:13,3063776,4107809,263094,349955,4529655,429243,603955,141357,138126,814875,58898,58736,58880,74344,58777,58777,58499,59088,58214,58370,58259,58631,58098,58187,57873,57854,57907,57839,58049,57445,57456,57580,57294,57285,57323,57243,57018,56844,56779,56682,56720,56640,56499,56454,56384,56359,56243,56320,56173,56191,56170
2016-03-07 05:30,3063795,4107810,263092,349961,4529663,429244,603960,141368,138127,814882,58899,58736,58880,74344,58778,58778,58500,59091,58212,58370,58259,58630,58098,58188,57873,57856,57908,57839,58050,57445,57457,57580,57296,57285,57324,57243,57018,56845,56780,56681,56722,56641,56500,56454,56386,56360,56243,56321,56173,56191,56170
2016-03-07 05:47,3063802,4107809,263094,349964,4529669,429249,603970,141378,138127,814892,58899,58736,58882,74347,58780,58777,58500,59091,58213,58370,58260,58632,58098,58189,57874,57857,57909,57840,58051,57446,57457,57581,57298,57285,57325,57243,57018,56845,56780,56681,56723,56642,56499,56456,56386,56360,56243,56320,56173,56191,56171
2016-03-07 06:04,3063819,4107813,263095,349970,4529672,429253,603977,141383,138128,814890,58899,58737,58882,74348,58781,58777,58502,59095,58213,58370,58262,58635,58099,58189,57874,57857,57908,57842,58050,57446,57458,57581,57299,57285,57325,57245,57020,56844,56780,56681,56723,56642,56499,56456,56386,56359,56243,56321,56173,56192,56172
2016-03-07 06:21,3063827,4107816,263097,349973,4529679,429257,603983,141395,138128,814898,58899,58737,58883,74349,58782,58778,58502,59097,58213,58369,58262,58640,58099,58189,57874,57857,57909,57843,58050,57446,57459,57581,57299,57286,57323,57247,57021,56844,56780,56681,56723,56642,56499,56455,56386,56359,56243,56323,56173,56193,56173
2016-03-07 06:38,3063838,4107815,263099,349976,4529694,429262,603987,141408,138128,814899,58900,58737,58881,74351,58783,58778,58502,59097,58213,58369,58262,58641,58099,58190,57874,57856,57910,57843,58050,57444,57459,57581,57300,57286,57324,57247,57021,56843,56780,56681,56723,56642,56499,56455,56386,56359,56243,56326,56172,56193,56177
2016-03-07 06:54,3063843,4107812,263102,349979,4529704,429260,603993,141415,138128,814906,58900,58737,58881,74350,58783,58779,58502,59095,58213,58370,58263,58641,58100,58191,57874,57857,57910,57844,58049,57444,57459,57581,57299,57286,57324,57247,57023,56843,56780,56681,56723,56643,56501,56454,56386,56359,56243,56326,56171,56192,56179
2016-03-07 07:11,3063851,4107808,263105,349983,4529710,429262,603994,141422,138129,814908,58899,58738,58884,74349,58784,58779,58503,59098,58213,58371,58264,58644,58101,58190,57875,57856,57910,57844,58050,57444,57460,57581,57299,57288,57326,57247,57022,56845,56780,56681,56723,56642,56501,56454,56386,56359,56243,56327,56171,56192,56180
2016-03-07 07:28,3063859,4107805,263105,349989,4529715,429263,603997,141427,138130,814911,58899,58738,58885,74350,58785,58779,58504,59098,58213,58371,58264,58646,58102,58192,57876,57856,57911,57845,58050,57444,57461,57581,57299,57288,57327,57248,57022,56845,56780,56679,56724,56642,56502,56454,56386,56359,56243,56328,56171,56193,56180
2016-03-07 07:45,3063861,4107804,263110,349991,4529720,429277,604001,141432,138129,814913,58900,58741,58886,74352,58784,58779,58504,59099,58213,58372,58264,58647,58103,58191,57876,57855,57911,57845,58050,57444,57461,57583,57300,57290,57326,57249,57022,56846,56780,56680,56724,56642,56502,56454,56385,56359,56243,56328,56172,56194,56180
2016-03-07 08:02,3063869,4107808,263115,349994,4529730,429283,604012,141436,138131,814919,58902,58741,58886,74353,58784,58782,58504,59102,58214,58372,58264,58650,58102,58191,57876,57855,57911,57846,58050,57444,57461,57583,57300,57291,57325,57249,57023,56846,56780,56681,56725,56643,56503,56454,56385,56359,56243,56329,56171,56194,56180
2016-03-07 08:19,3063878,4107812,263115,349996,4529734,429286,604016,141441,138131,814922,58905,58741,58886,74353,58783,58782,58506,59105,58212,58373,58265,58652,58103,58191,57876,57854,57913,57848,58050,57446,57461,57583,57300,57293,57325,57249,57024,56846,56780,56680,56725,56644,56505,56455,56385,56359,56243,56329,56172,56194,56181
2016-03-07 08:35,3063882,4107812,263120,350001,4529737,429289,604023,141448,138131,814924,58905,58742,58887,74353,58784,58783,58507,59107,58211,58374,58265,58654,58103,58193,57877,57854,57913,57848,58050,57446,57461,57584,57300,57293,57325,57249,57024,56846,56780,56681,56726,56644,56505,56455,56385,56359,56243,56329,56172,56194,56182
2016-03-07 08:52,3063888,4107812,263120,350004,4529743,429293,604029,141454,138131,814937,58906,58743,58888,74353,58784,58785,58507,59109,58210,58374,58265,58654,58103,58194,57878,57853,57912,57848,58050,57446,57462,57585,57301,57294,57325,57250,57026,56846,56780,56683,56726,56645,56506,56455,56385,56359,56243,56329,56172,56194,56185
2016-03-07 09:09,3063896,4107815,263123,350003,4529748,429295,604038,141459,138131,814938,58906,58744,58890,74354,58784,58785,58506,59119,58208,58375,58267,58656,58103,58195,57878,57853,57911,57849,58051,57446,57462,57584,57301,57294,57325,57251,57026,56846,56780,56684,56726,56645,56506,56455,56385,56359,56243,56329,56172,56194,56185
2016-03-07 09:26,3063904,4107812,263127,350006,4529746,429296,604043,141462,138131,814940,58906,58746,58890,74356,58784,58785,58507,59121,58208,58374,58267,58658,58103,58196,57879,57852,57911,57849,58052,57447,57462,57586,57301,57294,57325,57251,57027,56846,56781,56684,56727,56647,56506,56455,56385,56358,56243,56329,56172,56194,56186
2016-03-07 09:43,3063905,4107813,263129,350006,4529751,429296,604047,141466,138131,814944,58906,58748,58891,74357,58784,58785,58507,59124,58207,58374,58268,58658,58104,58196,57880,57852,57912,57849,58052,57447,57463,57588,57301,57294,57325,57252,57028,56846,56781,56685,56727,56647,56506,56455,56385,56358,56243,56331,56173,56194,56186
2016-03-07 10:00,3063909,4107813,263130,350007,4529752,429297,604057,141471,138132,814947,58907,58749,58892,74356,58784,58786,58507,59130,58207,58375,58268,58658,58104,58196,57880,57852,57912,57849,58052,57447,57462,57588,57302,57294,57327,57252,57029,56846,56782,56686,56728,56648,56506,56455,56385,56358,56243,56331,56173,56194,56187
2016-03-07 10:16,3063912,4107812,263132,350007,4529755,429298,604060,141470,138132,814948,58908,58750,58895,74357,58785,58787,58508,59134,58207,58374,58267,58661,58104,58197,57879,57852,57912,57849,58053,57447,57462,57588,57302,57294,57327,57251,57029,56845,56782,56686,56729,56648,56505,56455,56385,56359,56243,56332,56174,56194,56187
2016-03-07 10:33,3063916,4107813,263133,350011,4529760,429302,604066,141473,138132,814950,58908,58752,58896,74356,58785,58787,58508,59135,58207,58374,58267,58661,58104,58197,57879,57851,57911,57849,58053,57448,57462,57590,57302,57294,57327,57251,57030,56845,56783,56686,56729,56648,56506,56455,56385,56359,56243,56333,56173,56194,56187
2016-03-07 10:50,3063924,4107813,263135,350014,4529766,429304,604066,141475,138132,814951,58907,58753,58897,74358,58785,58788,58507,59137,58208,58374,58269,58662,58104,58197,57878,57851,57911,57849,58055,57448,57462,57591,57302,57295,57327,57252,57030,56845,56783,56685,56728,56648,56507,56455,56385,56358,56243,56333,56173,56194,56187
2016-03-07 11:07,3063927,4107814,263136,350018,4529773,429304,604067,141479,138133,814950,58909,58754,58899,74359,58786,58787,58506,59138,58208,58374,58269,58662,58106,58198,57878,57851,57913,57850,58055,57449,57462,57591,57302,57295,57327,57253,57030,56845,56783,56684,56728,56649,56509,56455,56385,56358,56243,56333,56173,56195,56188
2016-03-07 11:24,3063930,4107815,263137,350019,4529779,429306,604072,141481,138133,814955,58909,58755,58898,74360,58786,58787,58505,59139,58208,58374,58269,58662,58106,58198,57878,57850,57914,57850,58055,57449,57463,57591,57303,57295,57326,57253,57030,56845,56783,56686,56728,56648,56508,56455,56385,56358,56243,56334,56173,56195,56188
2016-03-07 11:41,3063935,4107811,263140,350022,4529777,429308,604076,141483,138134,814955,58909,58755,58899,74360,58786,58787,58504,59141,58209,58372,58269,58662,58106,58198,57878,57850,57914,57850,58054,57450,57463,57596,57303,57295,57326,57253,57030,56844,56784,56686,56728,56648,56508,56455,56385,56358,56243,56335,56173,56196,56190
2016-03-07 11:58,3063937,4107812,263140,350025,4529784,429306,604080,141488,138134,814961,58911,58756,58899,74359,58787,58787,58506,59144,58209,58372,58269,58661,58106,58198,57879,57850,57915,57850,58055,57450,57463,57597,57304,57296,57326,57254,57031,56844,56785,56688,56729,56648,56507,56455,56385,56358,56243,56334,56173,56196,56191
2016-03-07 12:15,3063941,4107811,263142,350025,4529790,429306,604089,141493,138133,814962,58911,58757,58899,74358,58786,58787,58507,59144,58208,58372,58269,58662,58106,58200,57878,57850,57914,57850,58055,57450,57462,57596,57304,57296,57325,57254,57033,56844,56786,56688,56729,56648,56507,56455,56384,56358,56243,56334,56173,56196,56191
2016-03-07 12:31,3063940,4107809,263143,350027,4529793,429308,604092,141497,138133,814964,58911,58757,58900,74358,58785,58788,58508,59145,58208,58372,58269,58661,58106,58200,57877,57848,57914,57849,58054,57450,57463,57598,57304,57294,57324,57256,57033,56844,56787,56689,56728,56649,56508,56455,56384,56358,56243,56334,56173,56196,56191
2016-03-07 12:48,3063939,4107807,263146,350029,4529795,429309,604093,141500,138133,814965,58912,58759,58902,74358,58786,58788,58508,59146,58209,58372,58269,58661,58106,58199,57878,57847,57914,57849,58055,57450,57463,57600,57304,57293,57327,57258,57034,56845,56786,56689,56728,56650,56509,56456,56384,56357,56243,56334,56173,56196,56192
2016-03-07 13:05,3063944,4107807,263148,350028,4529799,429312,604092,141504,138134,814963,58913,58759,58907,74358,58786,58790,58508,59147,58210,58371,58270,58662,58106,58200,57878,57847,57914,57849,58057,57450,57463,57602,57304,57294,57327,57259,57034,56845,56787,56689,56727,56650,56509,56456,56384,56357,56243,56334,56173,56196,56193
2016-03-07 13:22,3063951,4107809,263151,350029,4529801,429316,604094,141507,138134,814971,58912,58759,58911,74358,58786,58789,58507,59150,58211,58370,58271,58662,58107,58201,57878,57846,57913,57850,58055,57450,57463,57605,57303,57294,57326,57259,57035,56846,56787,56690,56728,56650,56510,56457,56385,56357,56243,56334,56173,56197,56193
2016-03-07 13:39,3063952,4107815,263152,350034,4529811,429320,604098,141514,138135,814972,58912,58759,58912,74357,58786,58789,58511,59154,58211,58370,58271,58663,58110,58203,57879,57846,57913,57849,58056,57450,57463,57605,57303,57294,57329,57259,57035,56846,56788,56690,56728,56650,56512,56457,56385,56358,56243,56334,56173,56197,56193
2016-03-07 13:56,3063959,4107814,263154,350037,4529818,429321,604099,141514,138134,814973,58913,58761,58913,74358,58786,58789,58512,59158,58211,58371,58271,58662,58111,58203,57879,57846,57913,57849,58057,57449,57462,57606,57304,57294,57332,57260,57035,56846,56787,56690,56728,56649,56511,56458,56385,56358,56244,56335,56173,56197,56192
2016-03-07 14:13,3063960,4107810,263156,350040,4529818,429326,604108,141523,138134,814967,58913,58763,58913,74360,58786,58791,58518,59165,58210,58371,58270,58662,58112,58204,57882,57849,57914,57849,58058,57449,57462,57607,57304,57294,57336,57261,57036,56846,56788,56689,56729,56649,56510,56458,56385,56358,56244,56337,56175,56198,56192
2016-03-07 14:29,3063969,4107810,263159,350039,4529821,429330,604113,141525,138135,814966,58913,58764,58914,74360,58786,58791,58518,59169,58212,58371,58271,58661,58114,58204,57882,57848,57914,57850,58059,57449,57463,57608,57304,57295,57337,57262,57039,56846,56788,56691,56729,56652,56510,56459,56384,56358,56243,56338,56176,56198,56192
2016-03-07 14:46,3063979,4107809,263162,350045,4529830,429333,604121,141530,138137,814972,58913,58766,58917,74360,58788,58791,58518,59175,58212,58371,58273,58661,58115,58205,57882,57847,57914,57851,58059,57449,57463,57609,57304,57295,57337,57264,57039,56846,56788,56691,56729,56652,56511,56460,56385,56358,56242,56338,56176,56199,56192
